player_name,game_date,events,type,description,stand,batter,pitcher,p_throws,pitch_type,balls,strikes,hc_x,hc_y,launch_speed,launch_angle,hit_distance_sc,estimated_ba_using_speedangle,estimated_woba_using_speedangle,selected_hitter,selected_mlbam_id,spray_x,spray_y,batter_hand,batter_spray_x,batter_spray_y,result_class,spray_angle_rad,spray_angle_deg,spray_direction
"Suzuki, Seiya",2023-09-30,single,X,hit_into_play,R,673548,641778,L,FC,1,0,77.77,116.18,80.3,13,175,0.605,0.545,"Suzuki, Seiya",673548,-47.230000000000004,83.82,R,-47.230000000000004,83.82,Single,-0.5131255078284085,-29.399925959074892,Pull
"Suzuki, Seiya",2023-09-30,field_out,X,hit_into_play,R,673548,641778,L,FC,3,2,183.31,71.86,97.3,23,345,0.248,0.386,"Suzuki, Seiya",673548,58.31,128.14,R,58.31,128.14,Out,0.42704487254758366,24.467868859678696,Opposite
"Suzuki, Seiya",2023-09-30,field_out,X,hit_into_play,R,673548,656730,R,FF,2,1,194.38,68.63,96.8,32,363,0.301,0.5603888888888889,"Suzuki, Seiya",673548,69.38,131.37,R,69.38,131.37,Out,0.4858949315025996,27.839728861897186,Opposite
"Suzuki, Seiya",2023-09-30,field_out,X,hit_into_play,R,673548,571948,L,ST,2,2,135.35,48.46,97.2,25,373,0.247,0.4061666666666666,"Suzuki, Seiya",673548,10.349999999999994,151.54,R,10.349999999999994,151.54,Out,0.06819289684880511,3.907165182207504,Center
"Suzuki, Seiya",2023-09-29,single,X,hit_into_play,R,673548,607067,R,CU,0,1,69.72,122.97,79,15,206,0.821,0.759,"Suzuki, Seiya",673548,-55.28,77.03,R,-55.28,77.03,Single,-0.6224686802407254,-35.66482825687195,Pull
"Suzuki, Seiya",2023-09-28,double,X,hit_into_play,R,673548,657140,R,SI,2,0,40.01,108.21,105.3,17,307,0.553,0.651,"Suzuki, Seiya",673548,-84.99000000000001,91.79,R,-84.99000000000001,91.79,Double,-0.7469512284593787,-42.797152892834546,Pull
"Suzuki, Seiya",2023-09-28,field_out,X,hit_into_play,R,673548,700363,R,FF,1,1,78.24,50.46,100.2,25,384,0.491,0.8879428571428575,"Suzuki, Seiya",673548,-46.760000000000005,149.54,R,-46.760000000000005,149.54,Out,-0.30306001039051206,-17.364059534567215,Pull
"Suzuki, Seiya",2023-09-28,single,X,hit_into_play,R,673548,621345,L,CH,2,1,185.51,125.16,92,9,160,0.637,0.592,"Suzuki, Seiya",673548,60.50999999999999,74.84,R,60.50999999999999,74.84,Single,0.6799174505751936,38.95640033525334,Opposite
"Suzuki, Seiya",2023-09-28,single,X,hit_into_play,R,673548,657140,R,SI,0,0,114,163.94,75,-43,2,0.12,0.116,"Suzuki, Seiya",673548,-11,36.06,R,-11,36.06,Single,-0.2960807452626474,-16.964177098637737,Pull
"Suzuki, Seiya",2023-09-27,field_out,X,hit_into_play,R,673548,670241,R,FF,0,0,153.76,85.54,83.6,35,291,0.018,0.021,"Suzuki, Seiya",673548,28.75999999999999,114.46,R,28.75999999999999,114.46,Out,0.24617060666431914,14.104536802040544,Center
"Suzuki, Seiya",2023-09-27,field_out,X,hit_into_play,R,673548,670241,R,FF,1,1,180.53,59.94,98.3,33,369,0.328,0.6220999999999999,"Suzuki, Seiya",673548,55.53,140.06,R,55.53,140.06,Out,0.3774621151697891,21.626986125309923,Opposite
"Suzuki, Seiya",2023-09-27,field_out,X,hit_into_play,R,673548,489446,R,FS,1,1,120.74,183.28,55.7,-57,1,0.286,0.264,"Suzuki, Seiya",673548,-4.260000000000005,16.72,R,-4.260000000000005,16.72,Out,-0.24947680540659642,-14.293968036204493,Center
"Suzuki, Seiya",2023-09-26,triple,X,hit_into_play,R,673548,693821,R,SI,1,1,175.01,66.23,98.9,15,288,0.729,0.738,"Suzuki, Seiya",673548,50.00999999999999,133.76999999999998,R,50.00999999999999,133.76999999999998,Triple,0.35776263088049265,20.498288816948964,Opposite
"Suzuki, Seiya",2023-09-26,single,X,hit_into_play,R,673548,693821,R,SL,2,1,77.03,131.22,87.9,-9,11,0.165,0.156,"Suzuki, Seiya",673548,-47.97,68.78,R,-47.97,68.78,Single,-0.6090065276366597,-34.89350372949794,Pull
"Suzuki, Seiya",2023-09-26,field_out,X,hit_into_play,R,673548,623451,R,SI,3,2,103.09,160.91,88.3,-21,7,0.086,0.084,"Suzuki, Seiya",673548,-21.909999999999997,39.09,R,-21.909999999999997,39.09,Out,-0.5108699448080855,-29.2706917175846,Pull
"Suzuki, Seiya",2023-09-24,double,X,hit_into_play,R,673548,621389,L,FC,0,1,40.56,112.58,110,10,200,0.908,0.918,"Suzuki, Seiya",673548,-84.44,87.42,R,-84.44,87.42,Double,-0.7680602057966462,-44.006608204097276,Pull
"Suzuki, Seiya",2023-09-24,single,X,hit_into_play,R,673548,621389,L,SI,1,2,178.68,113.77,94.8,7,154,0.579,0.545,"Suzuki, Seiya",673548,53.68000000000001,86.23,R,53.68000000000001,86.23,Single,0.5568147956148635,31.903137759171216,Opposite
"Suzuki, Seiya",2023-09-24,field_out,X,hit_into_play,R,673548,453268,R,SI,2,1,139.08,146.32,83.2,-18,7,0.07,0.067,"Suzuki, Seiya",673548,14.080000000000013,53.68000000000001,R,14.080000000000013,53.68000000000001,Out,0.25651661264432374,14.697319279511918,Center
"Suzuki, Seiya",2023-09-23,field_out,X,hit_into_play,R,673548,623167,R,CH,1,2,108.11,147.85,75.3,6,80,0.227,0.206,"Suzuki, Seiya",673548,-16.89,52.150000000000006,R,-16.89,52.150000000000006,Out,-0.3132126287146746,-17.94576171554891,Pull
"Suzuki, Seiya",2023-09-23,field_out,X,hit_into_play,R,673548,623167,R,SI,1,1,98,58,100.7,28,374,0.606,1.168227272727273,"Suzuki, Seiya",673548,-27,142,R,-27,142,Out,-0.18789788072059954,-10.765755544742914,Center
"Suzuki, Seiya",2023-09-23,single,X,hit_into_play,R,673548,656234,R,SI,2,0,123.85,109.7,105.7,-8,17,0.389,0.368,"Suzuki, Seiya",673548,-1.1500000000000057,90.3,R,-1.1500000000000057,90.3,Single,-0.012734638247769284,-0.7296410252230539,Center
"Suzuki, Seiya",2023-09-22,home_run,X,hit_into_play,R,673548,663562,R,FC,2,1,34.3,67.71,103.2,28,394,0.686,1.3343833333333337,"Suzuki, Seiya",673548,-90.7,132.29000000000002,R,-90.7,132.29000000000002,Home Run,-0.6010061765077097,-34.43511737518637,Pull
"Suzuki, Seiya",2023-09-22,single,X,hit_into_play,R,673548,663562,R,SI,0,0,77.01,110.09,98,7,132,0.642,0.588,"Suzuki, Seiya",673548,-47.989999999999995,89.91,R,-47.989999999999995,89.91,Single,-0.490286317278296,-28.091336733058373,Pull
"Suzuki, Seiya",2023-09-22,single,X,hit_into_play,R,673548,668970,R,ST,0,2,122.9,89.96,82.8,13,189,0.724,0.651,"Suzuki, Seiya",673548,-2.0999999999999943,110.04,R,-2.0999999999999943,110.04,Single,-0.01908165319130274,-1.0932981939939856,Center
"Suzuki, Seiya",2023-09-21,field_out,X,hit_into_play,R,673548,670912,R,FF,0,1,97.09,99.82,101.3,50,258,0.016,0.015,"Suzuki, Seiya",673548,-27.909999999999997,100.18,R,-27.909999999999997,100.18,Out,-0.2717086412235425,-15.567758399343282,Pull
"Suzuki, Seiya",2023-09-21,field_out,X,hit_into_play,R,673548,670912,R,SI,1,0,107.12,150.39,100.7,1,56,0.463,0.421,"Suzuki, Seiya",673548,-17.879999999999995,49.610000000000014,R,-17.879999999999995,49.610000000000014,Out,-0.34591956209535984,-19.819730959077727,Pull
"Suzuki, Seiya",2023-09-21,field_out,X,hit_into_play,R,673548,670912,R,SI,0,1,128.71,66.13,92.2,23,330,0.163,0.203,"Suzuki, Seiya",673548,3.710000000000008,133.87,R,3.710000000000008,133.87,Out,0.027706361646018092,1.5874575879799733,Center
"Suzuki, Seiya",2023-09-21,field_out,X,hit_into_play,R,673548,681882,R,SI,3,2,103.06,162.08,93.2,-18,7,0.171,0.154,"Suzuki, Seiya",673548,-21.939999999999998,37.91999999999999,R,-21.939999999999998,37.91999999999999,Out,-0.5245254508066367,-30.053094578417163,Pull
"Suzuki, Seiya",2023-09-20,field_out,X,hit_into_play,R,673548,656605,R,SI,3,1,111.67,146.32,103.4,-23,4,0.134,0.13,"Suzuki, Seiya",673548,-13.329999999999998,53.68000000000001,R,-13.329999999999998,53.68000000000001,Out,-0.243400063254193,-13.945796357682532,Center
"Suzuki, Seiya",2023-09-20,field_out,X,hit_into_play,R,673548,656605,R,SI,3,1,105.58,153.95,100,-15,10,0.221,0.214,"Suzuki, Seiya",673548,-19.42,46.05000000000001,R,-19.42,46.05000000000001,Out,-0.39908538297532037,-22.865908109847975,Pull
"Suzuki, Seiya",2023-09-20,single,X,hit_into_play,R,673548,656605,R,FC,2,2,91.64,107.7,103.9,11,244,0.924,0.914,"Suzuki, Seiya",673548,-33.36,92.3,R,-33.36,92.3,Single,-0.34682104348770115,-19.87138203816846,Pull
"Suzuki, Seiya",2023-09-19,field_out,X,hit_into_play,R,673548,682990,R,SL,3,1,132.82,36.83,99.3,32,400,0.396,0.763375,"Suzuki, Seiya",673548,7.819999999999993,163.17000000000002,R,7.819999999999993,163.17000000000002,Out,0.047888834416220584,2.743828097850283,Center
"Suzuki, Seiya",2023-09-19,single,X,hit_into_play,R,673548,682990,R,SI,1,1,119.33,83.88,99.3,9,207,0.668,0.61,"Suzuki, Seiya",673548,-5.670000000000002,116.12,R,-5.670000000000002,116.12,Single,-0.048790046504623825,-2.7954637469619597,Center
"Suzuki, Seiya",2023-09-19,home_run,X,hit_into_play,R,673548,682990,R,SL,1,1,89.01,40.54,105.4,31,402,0.802,1.5970535714285716,"Suzuki, Seiya",673548,-35.989999999999995,159.46,R,-35.989999999999995,159.46,Home Run,-0.22197988446277614,-12.71851051651871,Center
"Suzuki, Seiya",2023-09-19,double,X,hit_into_play,R,673548,669796,L,SL,3,2,100.66,94.18,77.3,25,269,0.661,0.622,"Suzuki, Seiya",673548,-24.340000000000003,105.82,R,-24.340000000000003,105.82,Double,-0.22608095326598426,-12.953484450435305,Center
"Suzuki, Seiya",2023-09-17,field_out,X,hit_into_play,R,673548,669194,R,FF,1,2,202.14,94.7,96.7,20,319,0.332,0.412,"Suzuki, Seiya",673548,77.13999999999999,105.3,R,77.13999999999999,105.3,Out,0.6322546092471312,36.22552068755365,Opposite
"Suzuki, Seiya",2023-09-17,field_out,X,hit_into_play,R,673548,669194,R,SL,3,2,161.82,98.42,89.6,47,266,0.008,0.01,"Suzuki, Seiya",673548,36.81999999999999,101.58,R,36.81999999999999,101.58,Out,0.3477430596763664,19.924209674421718,Opposite
"Suzuki, Seiya",2023-09-17,field_out,X,hit_into_play,R,673548,686826,R,SL,1,2,116.4,147.62,93.9,8,156,0.618,0.593,"Suzuki, Seiya",673548,-8.599999999999994,52.379999999999995,R,-8.599999999999994,52.379999999999995,Out,-0.16273292393756236,-9.32390972944577,Center
"Suzuki, Seiya",2023-09-17,field_out,X,hit_into_play,R,673548,612434,R,SI,0,1,107.99,149.67,73.9,-22,7,0.063,0.058,"Suzuki, Seiya",673548,-17.010000000000005,50.33000000000001,R,-17.010000000000005,50.33000000000001,Out,-0.3259171969509057,-18.673679856020918,Pull
"Suzuki, Seiya",2023-09-16,single,X,hit_into_play,R,673548,605200,R,SI,0,0,95.24,164.25,83.4,-34,3,0.052,0.052,"Suzuki, Seiya",673548,-29.760000000000005,35.75,R,-29.760000000000005,35.75,Single,-0.694215292484406,-39.775606332796485,Pull
"Suzuki, Seiya",2023-09-16,field_out,X,hit_into_play,R,673548,656464,R,SI,0,1,143.03,142.69,77.8,-33,3,0.04,0.048,"Suzuki, Seiya",673548,18.03,57.31,R,18.03,57.31,Out,0.30480124060577934,17.46382467706269,Opposite
"Suzuki, Seiya",2023-09-15,field_out,X,hit_into_play,R,673548,694297,R,ST,1,1,144.08,149.61,68,-7,15,0.06,0.06,"Suzuki, Seiya",673548,19.080000000000013,50.389999999999986,R,19.080000000000013,50.389999999999986,Out,0.36196381260239807,20.738998798581648,Opposite
"Suzuki, Seiya",2023-09-15,home_run,X,hit_into_play,R,673548,669459,L,SL,1,0,16.71,67.7,105.6,29,419,0.883,1.7598478260869563,"Suzuki, Seiya",673548,-108.28999999999999,132.3,R,-108.28999999999999,132.3,Home Run,-0.6859311644627382,-39.30096076020885,Pull
"Suzuki, Seiya",2023-09-13,field_out,X,hit_into_play,R,673548,621389,L,FC,1,0,129.42,69.96,92.1,44,320,0.005,0.005,"Suzuki, Seiya",673548,4.4199999999999875,130.04000000000002,R,4.4199999999999875,130.04000000000002,Out,0.033976461497886995,1.946707846617664,Center
"Suzuki, Seiya",2023-09-13,sac_fly,X,hit_into_play,R,673548,621389,L,SI,0,0,198.48,83.19,90.5,35,338,NA,0.062,"Suzuki, Seiya",673548,73.47999999999999,116.81,R,73.47999999999999,116.81,Out,0.5615104817286234,32.17218075540785,Opposite
"Suzuki, Seiya",2023-09-13,field_out,X,hit_into_play,R,673548,621389,L,CU,1,1,100.74,163.94,101,0,47,0.445,0.409,"Suzuki, Seiya",673548,-24.260000000000005,36.06,R,-24.260000000000005,36.06,Out,-0.5922144484567898,-33.93138846324189,Pull
"Suzuki, Seiya",2023-09-12,single,X,hit_into_play,R,673548,623167,R,FF,0,1,165.6,63.55,105.5,12,273,0.918,0.932,"Suzuki, Seiya",673548,40.599999999999994,136.45,R,40.599999999999994,136.45,Single,0.28920287916656956,16.57010439927636,Opposite
"Suzuki, Seiya",2023-09-12,single,X,hit_into_play,R,673548,623167,R,SI,1,2,123.69,108.79,95.3,-14,8,0.171,0.154,"Suzuki, Seiya",673548,-1.3100000000000023,91.21,R,-1.3100000000000023,91.21,Single,-0.014361472814727709,-0.8228517798757646,Center
"Suzuki, Seiya",2023-09-12,field_out,X,hit_into_play,R,673548,683232,R,CU,0,2,134.6,90.61,92,52,268,0.003,0.002,"Suzuki, Seiya",673548,9.599999999999994,109.39,R,9.599999999999994,109.39,Out,0.08753512925512466,5.015393465450785,Center
"Suzuki, Seiya",2023-09-12,home_run,X,hit_into_play,R,673548,656234,R,SI,2,1,223.2,80.74,102.3,31,377,0.605,1.193945454545454,"Suzuki, Seiya",673548,98.19999999999999,119.26,R,98.19999999999999,119.26,Home Run,0.6888538460395752,39.46841807942226,Opposite
"Suzuki, Seiya",2023-09-11,single,X,hit_into_play,R,673548,607536,L,SI,0,1,184.18,111.57,77.8,21,235,0.924,0.871,"Suzuki, Seiya",673548,59.18000000000001,88.43,R,59.18000000000001,88.43,Single,0.5897750505380824,33.79162125794696,Opposite
"Suzuki, Seiya",2023-09-11,field_out,X,hit_into_play,R,673548,607536,L,CH,0,1,122.07,56.41,102.8,16,353,0.539,0.603,"Suzuki, Seiya",673548,-2.930000000000007,143.59,R,-2.930000000000007,143.59,Out,-0.02040248930926575,-1.1689765289817098,Center
"Suzuki, Seiya",2023-09-11,field_out,X,hit_into_play,R,673548,607536,L,FC,3,2,163.69,185.76,73.3,77,94,0.001,0,"Suzuki, Seiya",673548,38.69,14.240000000000009,R,38.69,14.240000000000009,Out,1.2181293735929637,69.79367200779153,Opposite
"Suzuki, Seiya",2023-09-11,field_out,X,hit_into_play,R,673548,664875,R,ST,2,2,150.16,144.64,69.4,10,109,0.261,0.242,"Suzuki, Seiya",673548,25.159999999999997,55.360000000000014,R,25.159999999999997,55.360000000000014,Out,0.42657305358204434,24.440835624259062,Opposite
"Suzuki, Seiya",2023-09-10,field_out,X,hit_into_play,R,673548,694297,R,CU,0,0,125.12,177.78,60.4,-36,3,0.083,0.082,"Suzuki, Seiya",673548,0.12000000000000455,22.22,R,0.12000000000000455,22.22,Out,0.005400487551174826,0.3094251439952587,Center
"Suzuki, Seiya",2023-09-10,field_out,X,hit_into_play,R,673548,694297,R,ST,2,1,106.59,166.67,82,71,102,0.003,0.003,"Suzuki, Seiya",673548,-18.409999999999997,33.33000000000001,R,-18.409999999999997,33.33000000000001,Out,-0.5046496546372161,-28.914295343447076,Pull
"Suzuki, Seiya",2023-09-10,double,X,hit_into_play,R,673548,573009,L,SI,2,0,188.83,140.72,71.2,30,212,0.758,0.715,"Suzuki, Seiya",673548,63.83000000000001,59.28,R,63.83000000000001,59.28,Double,0.8223401664766615,47.116620863198214,Opposite
"Suzuki, Seiya",2023-09-09,field_out,X,hit_into_play,R,673548,518876,R,CH,1,2,106.29,154.25,103.1,-1,40,0.447,0.403,"Suzuki, Seiya",673548,-18.709999999999994,45.75,R,-18.709999999999994,45.75,Out,-0.3882080695164475,-22.24268395621371,Pull
"Suzuki, Seiya",2023-09-09,force_out,X,hit_into_play,R,673548,685314,L,SI,2,1,99.64,164.53,97.5,-14,5,0.236,0.22,"Suzuki, Seiya",673548,-25.36,35.47,R,-25.36,35.47,Out,-0.6207027105112279,-35.56364564462388,Pull
"Suzuki, Seiya",2023-09-08,single,X,hit_into_play,R,673548,668678,R,FF,1,2,140.1,88.84,104.2,3,74,0.568,0.522,"Suzuki, Seiya",673548,15.099999999999994,111.16,R,15.099999999999994,111.16,Single,0.135013827037698,7.735722465169377,Center
"Suzuki, Seiya",2023-09-08,single,X,hit_into_play,R,673548,668678,R,KC,0,0,110.15,182.43,NA,NA,NA,NA,NA,"Suzuki, Seiya",673548,-14.849999999999994,17.569999999999993,R,-14.849999999999994,17.569999999999993,Single,-0.7016953632609121,-40.20418281874942,Pull
"Suzuki, Seiya",2023-09-07,triple,X,hit_into_play,R,673548,669194,R,FF,1,1,167.09,43.19,102.9,28,397,0.686,1.3343833333333337,"Suzuki, Seiya",673548,42.09,156.81,R,42.09,156.81,Triple,0.2622330126761501,15.024844875344018,Opposite
"Suzuki, Seiya",2023-09-07,field_out,X,hit_into_play,R,673548,623149,R,FF,2,1,99.51,168.69,101.1,5,109,0.571,0.518,"Suzuki, Seiya",673548,-25.489999999999995,31.310000000000002,R,-25.489999999999995,31.310000000000002,Out,-0.6832897262662551,-39.14961749970573,Pull
"Suzuki, Seiya",2023-09-06,field_out,X,hit_into_play,R,673548,640455,L,CH,1,0,136.96,141.02,76.2,7,89,0.236,0.219,"Suzuki, Seiya",673548,11.960000000000008,58.97999999999999,R,11.960000000000008,58.97999999999999,Out,0.20006778186704988,11.463039517525939,Center
"Suzuki, Seiya",2023-09-06,double,X,hit_into_play,R,673548,622072,L,CH,1,1,172.25,79.29,104.4,12,266,0.945,0.956,"Suzuki, Seiya",673548,47.25,120.71,R,47.25,120.71,Double,0.3731001662801248,21.377064863480385,Opposite
"Suzuki, Seiya",2023-09-06,single,X,hit_into_play,R,673548,640455,L,SI,1,1,172.14,81.2,99.6,15,273,0.718,0.728,"Suzuki, Seiya",673548,47.139999999999986,118.8,R,47.139999999999986,118.8,Single,0.37774587967850304,21.643244634034836,Opposite
"Suzuki, Seiya",2023-09-05,double,X,hit_into_play,R,673548,596001,R,SL,3,2,88.72,72.03,111.6,12,250,0.897,0.977,"Suzuki, Seiya",673548,-36.28,127.97,R,-36.28,127.97,Double,-0.2762549466174013,-15.828242510788952,Pull
"Suzuki, Seiya",2023-09-05,field_out,X,hit_into_play,R,673548,676254,R,SL,0,1,100.89,158.04,75.7,-12,8,0.065,0.058,"Suzuki, Seiya",673548,-24.11,41.96000000000001,R,-24.11,41.96000000000001,Out,-0.5215297472142039,-29.881453405898583,Pull
"Suzuki, Seiya",2023-09-05,home_run,X,hit_into_play,R,673548,643511,R,SL,3,1,30.45,78.67,107.7,26,408,0.945,1.8826071428571427,"Suzuki, Seiya",673548,-94.55,121.33,R,-94.55,121.33,Home Run,-0.6619782702419281,-37.92856101423314,Pull
"Suzuki, Seiya",2023-09-05,single,X,hit_into_play,R,673548,573124,L,ST,1,2,131.97,91.39,101.9,6,132,0.637,0.591,"Suzuki, Seiya",673548,6.969999999999999,108.61,R,6.969999999999999,108.61,Single,0.06408668829325034,3.6718967621737058,Center
"Suzuki, Seiya",2023-09-05,single,X,hit_into_play,R,673548,596001,R,SI,1,0,122.77,139.41,89.3,-15,9,0.097,0.102,"Suzuki, Seiya",673548,-2.230000000000004,60.59,R,-2.230000000000004,60.59,Single,-0.03678814830471573,-2.107805633961566,Center
"Suzuki, Seiya",2023-09-04,double,X,hit_into_play,R,673548,657277,R,CH,2,2,162.3,52.8,106.4,19,372,0.536,0.8554761904761905,"Suzuki, Seiya",673548,37.30000000000001,147.2,R,37.30000000000001,147.2,Double,0.24817303015663833,14.21926721694828,Center
"Suzuki, Seiya",2023-09-04,field_out,X,hit_into_play,R,673548,657277,R,CH,1,2,173.68,77.87,93,22,323,0.168,0.185,"Suzuki, Seiya",673548,48.68000000000001,122.13,R,48.68000000000001,122.13,Out,0.37929170560060066,21.73181393523295,Opposite
"Suzuki, Seiya",2023-09-04,fielders_choice_out,X,hit_into_play,R,673548,663941,R,ST,3,2,104.12,165.96,59.6,-60,1,0.267,0.251,"Suzuki, Seiya",673548,-20.879999999999995,34.03999999999999,R,-20.879999999999995,34.03999999999999,Out,-0.550211319249058,-31.524786433296175,Pull
"Suzuki, Seiya",2023-09-04,home_run,X,hit_into_play,R,673548,657277,R,FF,1,2,159.3,27.27,106.2,26,432,0.891,1.7648888888888892,"Suzuki, Seiya",673548,34.30000000000001,172.73,R,34.30000000000001,172.73,Home Run,0.19602577397014206,11.231449524274572,Center
"Suzuki, Seiya",2023-09-03,field_out,X,hit_into_play,R,673548,686730,R,CH,1,1,149.03,159.35,53.6,-29,4,0.065,0.072,"Suzuki, Seiya",673548,24.03,40.650000000000006,R,24.03,40.650000000000006,Out,0.533882221421459,30.58919804451851,Opposite
"Suzuki, Seiya",2023-09-03,single,X,hit_into_play,R,673548,571882,R,CH,0,1,110.78,82.12,96.9,16,294,0.666,0.706,"Suzuki, Seiya",673548,-14.219999999999999,117.88,R,-14.219999999999999,117.88,Single,-0.1200510702621724,-6.878419652050984,Center
"Suzuki, Seiya",2023-09-03,double,X,hit_into_play,R,673548,608371,R,ST,1,1,39.11,104.73,106.8,17,315,0.442,0.6355714285714285,"Suzuki, Seiya",673548,-85.89,95.27,R,-85.89,95.27,Double,-0.7336669248879865,-42.0360183644232,Pull
"Suzuki, Seiya",2023-09-02,field_out,X,hit_into_play,R,673548,671096,L,CU,1,1,191.8,126.74,89.2,50,262,0.005,0.006,"Suzuki, Seiya",673548,66.80000000000001,73.26,R,66.80000000000001,73.26,Out,0.7393077380994242,42.35921315446022,Opposite
"Suzuki, Seiya",2023-09-02,single,X,hit_into_play,R,673548,671096,L,FF,0,1,174.03,119.62,107.2,-1,46,0.487,0.451,"Suzuki, Seiya",673548,49.03,80.38,R,49.03,80.38,Single,0.547723692855033,31.382255939913193,Opposite
"Suzuki, Seiya",2023-09-02,field_out,X,hit_into_play,R,673548,671096,L,CU,1,1,198.79,118.51,86.8,40,269,0.005,0.006,"Suzuki, Seiya",673548,73.78999999999999,81.49,R,73.78999999999999,81.49,Out,0.7358509069578998,42.16115131956148,Opposite
"Suzuki, Seiya",2023-09-01,field_out,X,hit_into_play,R,673548,680689,R,FF,1,2,132.7,137.8,105.7,7,159,0.666,0.614,"Suzuki, Seiya",673548,7.699999999999989,62.19999999999999,R,7.699999999999989,62.19999999999999,Out,0.12316758168705395,7.056982603501,Center
"Suzuki, Seiya",2023-09-01,field_out,X,hit_into_play,R,673548,668933,R,FC,0,0,196.83,113.54,81.1,31,275,0.063,0.064,"Suzuki, Seiya",673548,71.83000000000001,86.46,R,71.83000000000001,86.46,Out,0.6932347063486756,39.719422885770086,Opposite
"Suzuki, Seiya",2023-09-01,field_out,X,hit_into_play,R,673548,571882,R,FC,2,1,107.89,143.66,79.6,5,68,0.27,0.261,"Suzuki, Seiya",673548,-17.11,56.34,R,-17.11,56.34,Out,-0.2948403808690608,-16.893109453826924,Pull
"Suzuki, Seiya",2023-09-01,home_run,X,hit_into_play,R,673548,650960,R,SI,2,0,91.94,37.64,110.5,19,408,0.837,1.4801764705882352,"Suzuki, Seiya",673548,-33.06,162.36,R,-33.06,162.36,Home Run,-0.20087541229029085,-11.509313332184012,Center
"Suzuki, Seiya",2023-09-01,field_out,X,hit_into_play,R,673548,571656,R,FF,0,0,159.26,53.11,98.5,34,369,0.293,0.5616428571428571,"Suzuki, Seiya",673548,34.25999999999999,146.89,R,34.25999999999999,146.89,Out,0.22913939090145996,13.128720018852032,Center
"Suzuki, Seiya",2023-09-01,double,X,hit_into_play,R,673548,664747,R,FF,3,1,72.81,120.02,98.6,-13,12,0.244,0.229,"Suzuki, Seiya",673548,-52.19,79.98,R,-52.19,79.98,Double,-0.578157429084097,-33.12598058065295,Pull
"Suzuki, Seiya",2023-08-30,field_out,X,hit_into_play,R,673548,605540,R,SI,0,0,154.09,58.44,107.6,18,355,0.581,0.9127586206896556,"Suzuki, Seiya",673548,29.090000000000003,141.56,R,29.090000000000003,141.56,Out,0.2026744533972077,11.61239079478089,Center
"Suzuki, Seiya",2023-08-30,field_out,X,hit_into_play,R,673548,605540,R,SL,0,2,187.53,80.27,95.6,26,331,0.245,0.41739999999999994,"Suzuki, Seiya",673548,62.53,119.73,R,62.53,119.73,Out,0.4812953677260117,27.576193269897445,Opposite
"Suzuki, Seiya",2023-08-30,field_out,X,hit_into_play,R,673548,665625,R,SI,2,0,92.61,163.1,86.1,-18,8,0.075,0.072,"Suzuki, Seiya",673548,-32.39,36.900000000000006,R,-32.39,36.900000000000006,Out,-0.7204010902378454,-41.27594202725171,Pull
"Suzuki, Seiya",2023-08-29,grounded_into_double_play,X,hit_into_play,R,673548,669203,R,CU,0,1,96.44,168.7,87.5,-9,12,0.165,0.156,"Suzuki, Seiya",673548,-28.560000000000002,31.30000000000001,R,-28.560000000000002,31.30000000000001,Out,-0.739656620191397,-42.37920262587796,Pull
"Suzuki, Seiya",2023-08-28,field_out,X,hit_into_play,R,673548,489119,L,FC,1,2,124.19,179.04,88.6,7,129,0.492,0.46,"Suzuki, Seiya",673548,-0.8100000000000023,20.960000000000008,R,-0.8100000000000023,20.960000000000008,Out,-0.03862581738597713,-2.2130963164595276,Center
"Suzuki, Seiya",2023-08-28,field_out,X,hit_into_play,R,673548,489119,L,CH,2,2,155.04,165.13,89.3,-2,37,0.286,0.257,"Suzuki, Seiya",673548,30.039999999999992,34.870000000000005,R,30.039999999999992,34.870000000000005,Out,0.7111243226899882,40.74442239923556,Opposite
"Suzuki, Seiya",2023-08-28,field_out,X,hit_into_play,R,673548,665625,R,SI,1,0,99.39,167.55,91.6,-27,4,0.097,0.088,"Suzuki, Seiya",673548,-25.61,32.44999999999999,R,-25.61,32.44999999999999,Out,-0.6681295307536015,-38.28100228023751,Pull
"Suzuki, Seiya",2023-08-27,field_out,X,hit_into_play,R,673548,663559,L,SL,2,2,106.6,146.02,98.7,-4,24,0.344,0.311,"Suzuki, Seiya",673548,-18.400000000000006,53.97999999999999,R,-18.400000000000006,53.97999999999999,Out,-0.3285154506444109,-18.822548826763047,Pull
"Suzuki, Seiya",2023-08-27,double,X,hit_into_play,R,673548,675989,R,CH,1,2,196.51,129.79,94.7,12,207,0.903,0.855,"Suzuki, Seiya",673548,71.50999999999999,70.21000000000001,R,71.50999999999999,70.21000000000001,Double,0.7945709233419489,45.525560431306545,Opposite
"Suzuki, Seiya",2023-08-27,double,X,hit_into_play,R,673548,669796,L,CH,1,1,58.36,117.45,84.7,18,224,0.903,0.852,"Suzuki, Seiya",673548,-66.64,82.55,R,-66.64,82.55,Double,-0.6791571594101102,-38.91283886029298,Pull
"Suzuki, Seiya",2023-08-26,triple,X,hit_into_play,R,673548,674370,R,SL,0,2,81.68,51.48,98.8,22,366,0.322,0.501,"Suzuki, Seiya",673548,-43.31999999999999,148.52,R,-43.31999999999999,148.52,Triple,-0.28380445121860737,-16.260797261852655,Pull
"Suzuki, Seiya",2023-08-26,field_out,X,hit_into_play,R,673548,674370,R,SL,1,2,107.05,158.77,92.9,-23,5,0.12,0.109,"Suzuki, Seiya",673548,-17.950000000000003,41.22999999999999,R,-17.950000000000003,41.22999999999999,Out,-0.41061501994669747,-23.52650764762588,Pull
"Suzuki, Seiya",2023-08-26,double,X,hit_into_play,R,673548,641672,R,SI,1,0,38.03,98.77,107.2,13,264,0.839,0.875,"Suzuki, Seiya",673548,-86.97,101.23,R,-86.97,101.23,Double,-0.7097722124760084,-40.666952190538,Pull
"Suzuki, Seiya",2023-08-26,field_out,X,hit_into_play,R,673548,642239,L,FC,1,0,122.45,199.51,101.5,-9,13,0.238,0.24,"Suzuki, Seiya",673548,-2.549999999999997,0.4900000000000091,R,-2.549999999999997,0.4900000000000091,Out,-1.380953493420606,-79.12280687684782,Pull
"Suzuki, Seiya",2023-08-25,single,X,hit_into_play,R,673548,656605,R,SI,2,0,101.15,153.89,104.7,1,65,0.55,0.531,"Suzuki, Seiya",673548,-23.849999999999994,46.110000000000014,R,-23.849999999999994,46.110000000000014,Single,-0.4773453823736717,-27.349875780069866,Pull
"Suzuki, Seiya",2023-08-25,single,X,hit_into_play,R,673548,656605,R,SI,1,1,112.67,182.38,68.2,-55,2,0.288,0.272,"Suzuki, Seiya",673548,-12.329999999999998,17.620000000000005,R,-12.329999999999998,17.620000000000005,Single,-0.6105735892427743,-34.98328974576529,Pull
"Suzuki, Seiya",2023-08-25,field_out,X,hit_into_play,R,673548,656605,R,SI,2,1,183.15,114.87,81.1,46,253,0.026,0.03,"Suzuki, Seiya",673548,58.150000000000006,85.13,R,58.150000000000006,85.13,Out,0.599274960967976,34.335926031332164,Opposite
"Suzuki, Seiya",2023-08-24,field_out,X,hit_into_play,R,673548,656578,R,CH,0,1,161.99,56.2,99.9,22,364,0.351,0.5487142857142858,"Suzuki, Seiya",673548,36.99000000000001,143.8,R,36.99000000000001,143.8,Out,0.2517738345137949,14.425578109465672,Center
"Suzuki, Seiya",2023-08-24,field_out,X,hit_into_play,R,673548,656578,R,FF,1,0,152.15,166.18,74.7,71,99,0.001,0,"Suzuki, Seiya",673548,27.150000000000006,33.81999999999999,R,27.150000000000006,33.81999999999999,Out,0.6764334145002332,38.75677977248679,Opposite
"Suzuki, Seiya",2023-08-24,field_out,X,hit_into_play,R,673548,641672,R,SI,1,0,125.28,92.67,76.9,26,273,0.529,0.489,"Suzuki, Seiya",673548,0.28000000000000114,107.33,R,0.28000000000000114,107.33,Out,0.0026087707519096394,0.1494715538015927,Center
"Suzuki, Seiya",2023-08-24,field_out,X,hit_into_play,R,673548,670059,R,SI,3,2,208.3,119.01,84.3,39,283,0.008,0.008,"Suzuki, Seiya",673548,83.30000000000001,80.99,R,83.30000000000001,80.99,Out,0.7994577397003036,45.80555438389576,Opposite
"Suzuki, Seiya",2023-08-24,double,X,hit_into_play,R,673548,656578,R,SL,1,2,188.12,63.04,106.1,19,369,0.536,0.8554761904761905,"Suzuki, Seiya",673548,63.120000000000005,136.96,R,63.120000000000005,136.96,Double,0.43185201423464875,24.743297789868926,Opposite
"Suzuki, Seiya",2023-08-23,field_out,X,hit_into_play,R,673548,669373,L,SL,1,1,108.2,170.86,60.1,-20,4,0.052,0.053,"Suzuki, Seiya",673548,-16.799999999999997,29.139999999999986,R,-16.799999999999997,29.139999999999986,Out,-0.5229811865280266,-29.964614752799992,Pull
"Suzuki, Seiya",2023-08-23,double,X,hit_into_play,R,673548,669373,L,CH,0,1,80.55,160.68,82.6,6,77,0.35,0.315,"Suzuki, Seiya",673548,-44.45,39.31999999999999,R,-44.45,39.31999999999999,Double,-0.846560888729389,-48.50436602503808,Pull
"Suzuki, Seiya",2023-08-22,single,X,hit_into_play,R,673548,681857,R,SI,1,1,165.11,131.06,86.4,-6,18,0.182,0.17,"Suzuki, Seiya",673548,40.110000000000014,68.94,R,40.110000000000014,68.94,Single,0.5269373161156242,30.191284281376166,Opposite
"Suzuki, Seiya",2023-08-22,field_out,X,hit_into_play,R,673548,686839,R,ST,1,2,113.29,163.64,75.9,-28,2,0.039,0.055,"Suzuki, Seiya",673548,-11.709999999999994,36.360000000000014,R,-11.709999999999994,36.360000000000014,Out,-0.31156794417534656,-17.851528232815,Pull
"Suzuki, Seiya",2023-08-22,single,X,hit_into_play,R,673548,671345,R,SI,1,0,144.18,100.77,75.3,19,211,0.968,0.888,"Suzuki, Seiya",673548,19.180000000000007,99.23,R,19.180000000000007,99.23,Single,0.19093377099198963,10.939699244358392,Center
"Suzuki, Seiya",2023-08-21,field_out,X,hit_into_play,R,673548,656412,R,CH,1,1,104.15,167.71,103,0,41,0.463,0.431,"Suzuki, Seiya",673548,-20.849999999999994,32.28999999999999,R,-20.849999999999994,32.28999999999999,Out,-0.5733540158443817,-32.85076527476001,Pull
"Suzuki, Seiya",2023-08-21,home_run,X,hit_into_play,R,673548,656412,R,SL,1,0,62.77,48.27,101.5,27,403,0.545,1.0203529411764705,"Suzuki, Seiya",673548,-62.23,151.73,R,-62.23,151.73,Home Run,-0.389214019013514,-22.300320616798928,Pull
"Suzuki, Seiya",2023-08-21,single,X,hit_into_play,R,673548,656412,R,SL,0,2,88.91,119.36,102.5,-12,10,0.244,0.242,"Suzuki, Seiya",673548,-36.09,80.64,R,-36.09,80.64,Single,-0.42081017404327326,-24.110646948845183,Pull
"Suzuki, Seiya",2023-08-21,field_error,X,hit_into_play,R,673548,676684,R,CH,1,2,116.85,149.39,83.5,-42,1,0.078,0.072,"Suzuki, Seiya",673548,-8.150000000000006,50.610000000000014,R,-8.150000000000006,50.610000000000014,Error,-0.15966462348017155,-9.148109062959216,Center
"Suzuki, Seiya",2023-08-20,field_out,X,hit_into_play,R,673548,543475,R,ST,1,1,110.43,121.08,78.9,54,201,0.047,0.05,"Suzuki, Seiya",673548,-14.569999999999993,78.92,R,-14.569999999999993,78.92,Out,-0.18256173827297104,-10.460017103613191,Center
"Suzuki, Seiya",2023-08-20,home_run,X,hit_into_play,R,673548,543475,R,ST,2,1,36.59,65.96,104.2,28,395,0.809,1.5994067796610176,"Suzuki, Seiya",673548,-88.41,134.04000000000002,R,-88.41,134.04000000000002,Home Run,-0.5830798533866404,-33.40801471816131,Pull
"Suzuki, Seiya",2023-08-20,field_out,X,hit_into_play,R,673548,543475,R,ST,1,2,144.66,201.25,75.9,77,56,0.003,0.003,"Suzuki, Seiya",673548,19.659999999999997,-1.25,R,19.659999999999997,-1.25,Out,1.6342917330627893,93.63801879761876,Opposite
"Suzuki, Seiya",2023-08-19,single,X,hit_into_play,R,673548,663903,R,SL,2,1,114.22,188.82,61.8,-66,1,0.219,0.214,"Suzuki, Seiya",673548,-10.780000000000001,11.180000000000007,R,-10.780000000000001,11.180000000000007,Single,-0.7671852412230086,-43.95647642680437,Pull
"Suzuki, Seiya",2023-08-19,sac_fly,X,hit_into_play,R,673548,663903,R,SL,1,2,140.52,75.49,88.9,22,309,NA,0.226,"Suzuki, Seiya",673548,15.52000000000001,124.51,R,15.52000000000001,124.51,Out,0.12400900800461617,7.105192780268549,Center
"Suzuki, Seiya",2023-08-19,field_out,X,hit_into_play,R,673548,656353,L,FF,3,1,136.89,137.91,96.3,-11,16,0.224,0.204,"Suzuki, Seiya",673548,11.889999999999986,62.09,R,11.889999999999986,62.09,Out,0.18920563314570307,10.840684239349345,Center
"Suzuki, Seiya",2023-08-19,field_out,X,hit_into_play,R,673548,663804,R,CH,1,1,104.23,160.29,79.9,-11,11,0.086,0.077,"Suzuki, Seiya",673548,-20.769999999999996,39.71000000000001,R,-20.769999999999996,39.71000000000001,Out,-0.4819108741160412,-27.611459188309468,Pull
"Suzuki, Seiya",2023-08-18,single,X,hit_into_play,R,673548,666142,L,FC,1,1,175.51,107.68,105.5,13,265,0.868,0.895,"Suzuki, Seiya",673548,50.50999999999999,92.32,R,50.50999999999999,92.32,Single,0.50062840278754,28.683894584101456,Opposite
"Suzuki, Seiya",2023-08-18,field_out,X,hit_into_play,R,673548,666142,L,CH,2,2,161.63,120.34,78.7,51,217,0.05,0.054,"Suzuki, Seiya",673548,36.629999999999995,79.66,R,36.629999999999995,79.66,Out,0.4309978223881051,24.694356202167487,Opposite
"Suzuki, Seiya",2023-08-18,single,X,hit_into_play,R,673548,664199,R,SL,3,2,62.02,117.61,94,12,207,0.882,0.826,"Suzuki, Seiya",673548,-62.98,82.39,R,-62.98,82.39,Single,-0.6526618939927951,-37.39477197480189,Pull
"Suzuki, Seiya",2023-08-16,grounded_into_double_play,X,hit_into_play,R,673548,605182,R,FF,0,1,122.33,140.72,91.1,-16,9,0.148,0.138,"Suzuki, Seiya",673548,-2.6700000000000017,59.28,R,-2.6700000000000017,59.28,Out,-0.045010065790679524,-2.5788868054121035,Center
"Suzuki, Seiya",2023-08-16,field_out,X,hit_into_play,R,673548,605182,R,ST,0,2,123.35,65.6,88.8,22,331,0.216,0.226,"Suzuki, Seiya",673548,-1.6500000000000057,134.4,R,-1.6500000000000057,134.4,Out,-0.012276168986521471,-0.7033726715170735,Center
"Suzuki, Seiya",2023-08-16,field_out,X,hit_into_play,R,673548,605182,R,FF,2,2,154.66,91.48,80.6,33,278,0.039,0.036,"Suzuki, Seiya",673548,29.659999999999997,108.52,R,29.659999999999997,108.52,Out,0.26679777296047547,15.2863863741248,Opposite
"Suzuki, Seiya",2023-08-15,home_run,X,hit_into_play,R,673548,657053,R,FS,3,2,58.12,49.13,110.5,21,406,0.954,1.80595652173913,"Suzuki, Seiya",673548,-66.88,150.87,R,-66.88,150.87,Home Run,-0.41726453659865587,-23.907496887585058,Pull
"Suzuki, Seiya",2023-08-15,field_out,X,hit_into_play,R,673548,657053,R,FF,0,0,114.65,51.75,96.4,29,365,0.27,0.50125,"Suzuki, Seiya",673548,-10.349999999999994,148.25,R,-10.349999999999994,148.25,Out,-0.06970140628652824,-3.9935964063446923,Center
"Suzuki, Seiya",2023-08-13,field_out,X,hit_into_play,R,673548,547943,L,CH,0,1,166.22,69.82,92,34,335,0.055,0.093,"Suzuki, Seiya",673548,41.22,130.18,R,41.22,130.18,Out,0.30665072008681904,17.569792045622307,Opposite
"Suzuki, Seiya",2023-08-13,field_out,X,hit_into_play,R,673548,547943,L,CH,0,2,177.45,101.22,80.7,31,274,0.063,0.064,"Suzuki, Seiya",673548,52.44999999999999,98.78,R,52.44999999999999,98.78,Out,0.4881217421374395,27.967315713048354,Opposite
"Suzuki, Seiya",2023-08-13,single,X,hit_into_play,R,673548,663878,R,FF,3,2,132.34,78.93,94.1,14,244,0.945,0.941,"Suzuki, Seiya",673548,7.340000000000003,121.07,R,7.340000000000003,121.07,Single,0.060551969956543855,3.4693723197129214,Center
"Suzuki, Seiya",2023-08-12,field_out,X,hit_into_play,R,673548,605135,R,SI,1,2,106.7,152.36,103.8,-10,13,0.332,0.3,"Suzuki, Seiya",673548,-18.299999999999997,47.639999999999986,R,-18.299999999999997,47.639999999999986,Out,-0.36675178606747,-21.013329470550897,Pull
"Suzuki, Seiya",2023-08-12,field_out,X,hit_into_play,R,673548,605135,R,CU,1,1,113.07,129.17,74.4,13,124,0.408,0.367,"Suzuki, Seiya",673548,-11.930000000000007,70.83000000000001,R,-11.930000000000007,70.83000000000001,Out,-0.16686527640142473,-9.560676085085571,Center
"Suzuki, Seiya",2023-08-12,single,X,hit_into_play,R,673548,554340,R,CU,3,2,118.33,189.6,50,-81,0,0.174,0.195,"Suzuki, Seiya",673548,-6.670000000000002,10.400000000000006,R,-6.670000000000002,10.400000000000006,Single,-0.5702675974426374,-32.67392652652855,Pull
"Suzuki, Seiya",2023-08-12,field_out,X,hit_into_play,R,673548,663855,R,SI,0,1,210.36,109.94,93.6,32,303,0.184,0.34,"Suzuki, Seiya",673548,85.36000000000001,90.06,R,85.36000000000001,90.06,Out,0.7586117317325928,43.46525051738819,Opposite
"Suzuki, Seiya",2023-08-11,double,X,hit_into_play,R,673548,621244,R,SV,2,2,57.93,120.14,95.1,15,242,0.816,0.794,"Suzuki, Seiya",673548,-67.07,79.86,R,-67.07,79.86,Double,-0.6985687813351357,-40.025042870100556,Pull
"Suzuki, Seiya",2023-08-11,field_out,X,hit_into_play,R,673548,621244,R,SV,1,2,146.31,117.47,68.6,41,211,0.453,0.462,"Suzuki, Seiya",673548,21.310000000000002,82.53,R,21.310000000000002,82.53,Out,0.25268986104753816,14.478062563771156,Center
"Suzuki, Seiya",2023-08-11,field_out,X,hit_into_play,R,673548,668470,R,FF,0,1,202.46,101.17,104,16,307,0.547,0.602,"Suzuki, Seiya",673548,77.46000000000001,98.83,R,77.46000000000001,98.83,Out,0.6647660246197361,38.08828757440066,Opposite
"Suzuki, Seiya",2023-08-09,single,X,hit_into_play,R,673548,656849,L,CU,0,0,77.89,102.96,104.5,15,267,0.676,0.759,"Suzuki, Seiya",673548,-47.11,97.04,R,-47.11,97.04,Single,-0.4519561147048048,-25.89517789771584,Pull
"Suzuki, Seiya",2023-08-09,field_out,X,hit_into_play,R,673548,701643,R,SI,2,1,135.61,150.48,55.7,-6,16,0.091,0.083,"Suzuki, Seiya",673548,10.610000000000014,49.52000000000001,R,10.610000000000014,49.52000000000001,Out,0.21106575120071572,12.093176743559297,Center
"Suzuki, Seiya",2023-08-09,triple,X,hit_into_play,R,673548,656849,L,SI,0,0,184.99,63.82,107,13,287,0.839,0.875,"Suzuki, Seiya",673548,59.99000000000001,136.18,R,59.99000000000001,136.18,Triple,0.4149423642617377,23.774446213377612,Opposite
"Suzuki, Seiya",2023-08-09,home_run,X,hit_into_play,R,673548,493603,R,SI,2,0,94.35,30.85,112.2,22,423,0.973,1.8858333333333333,"Suzuki, Seiya",673548,-30.650000000000006,169.15,R,-30.650000000000006,169.15,Home Run,-0.17925514923041494,-10.270563506890523,Center
"Suzuki, Seiya",2023-08-04,field_out,X,hit_into_play,R,673548,608331,L,SI,0,0,131.51,168.97,80,-8,8,0.123,0.111,"Suzuki, Seiya",673548,6.509999999999991,31.03,R,6.509999999999991,31.03,Out,0.20679773237229154,11.848637277808223,Center
"Suzuki, Seiya",2023-08-02,field_out,X,hit_into_play,R,673548,682227,L,FC,3,2,76.24,140.38,105.1,-12,10,0.304,0.275,"Suzuki, Seiya",673548,-48.760000000000005,59.620000000000005,R,-48.760000000000005,59.620000000000005,Out,-0.6855285352635863,-39.277891806388716,Pull
"Suzuki, Seiya",2023-08-02,field_out,X,hit_into_play,R,673548,622065,L,SI,2,0,124.27,82.22,86.9,45,291,0.005,0.005,"Suzuki, Seiya",673548,-0.730000000000004,117.78,R,-0.730000000000004,117.78,Out,-0.006197916900382767,-0.3551144801647376,Center
"Suzuki, Seiya",2023-08-02,home_run,X,hit_into_play,R,673548,571912,R,FA,2,1,94.63,33.55,104.2,35,416,0.61,1.2063142857142857,"Suzuki, Seiya",673548,-30.370000000000005,166.45,R,-30.370000000000005,166.45,Home Run,-0.18047199428724817,-10.340283592968424,Center
"Suzuki, Seiya",2023-08-02,single,X,hit_into_play,R,673548,608371,R,FF,0,0,106.31,87.4,82.8,23,281,0.411,0.395,"Suzuki, Seiya",673548,-18.689999999999998,112.6,R,-18.689999999999998,112.6,Single,-0.16448613016104197,-9.42436104666722,Center
"Suzuki, Seiya",2023-07-31,sac_fly,X,hit_into_play,R,673548,671096,L,FF,1,0,155.87,53.57,109.4,17,367,NA,0.8102,"Suzuki, Seiya",673548,30.870000000000005,146.43,R,30.870000000000005,146.43,Out,0.20777499365734506,11.904630224923322,Center
"Suzuki, Seiya",2023-07-31,field_out,X,hit_into_play,R,673548,664747,R,SL,0,2,135.81,80.17,88.9,20,297,0.432,0.435,"Suzuki, Seiya",673548,10.810000000000002,119.83,R,10.810000000000002,119.83,Out,0.08996760624522487,5.154764130746212,Center
"Suzuki, Seiya",2023-07-31,field_out,X,hit_into_play,R,673548,671096,L,ST,1,1,61.36,142.94,92.6,59,211,0.024,0.029,"Suzuki, Seiya",673548,-63.64,57.06,R,-63.64,57.06,Out,-0.839859581670197,-48.12040941332516,Pull
"Suzuki, Seiya",2023-07-30,field_out,X,hit_into_play,R,673548,571927,L,SI,2,2,151.71,169.19,55.3,9,78,0.146,0.134,"Suzuki, Seiya",673548,26.710000000000008,30.810000000000002,R,26.710000000000008,30.810000000000002,Out,0.7142389602434324,40.92287798576087,Opposite
"Suzuki, Seiya",2023-07-30,field_out,X,hit_into_play,R,673548,571927,L,CH,2,2,75.33,57.7,97.4,30,370,0.326,0.6025652173913043,"Suzuki, Seiya",673548,-49.67,142.3,R,-49.67,142.3,Out,-0.33582940253138327,-19.241607401448306,Pull
"Suzuki, Seiya",2023-07-30,field_out,X,hit_into_play,R,673548,571927,L,CH,1,2,112.68,171.24,66.3,-32,3,0.07,0.064,"Suzuki, Seiya",673548,-12.319999999999993,28.75999999999999,R,-12.319999999999993,28.75999999999999,Out,-0.4047239165535731,-23.188972286524653,Pull
"Suzuki, Seiya",2023-07-29,field_out,X,hit_into_play,R,673548,425794,R,CU,0,1,114.49,141.25,72.7,15,152,0.589,0.531,"Suzuki, Seiya",673548,-10.510000000000005,58.75,R,-10.510000000000005,58.75,Out,-0.17702107072219947,-10.142560237268894,Center
"Suzuki, Seiya",2023-07-29,double,X,hit_into_play,R,673548,669467,R,SL,1,1,61.01,79.54,106.1,13,286,0.868,0.895,"Suzuki, Seiya",673548,-63.99,120.46,R,-63.99,120.46,Double,-0.4883056255968831,-27.977851459196742,Pull
"Suzuki, Seiya",2023-07-28,double,X,hit_into_play,R,673548,656756,L,SI,2,0,89.4,36.66,109.5,18,346,0.675,1.1039444444444444,"Suzuki, Seiya",673548,-35.599999999999994,163.34,R,-35.599999999999994,163.34,Double,-0.21459438009901688,-12.29535228689985,Center
"Suzuki, Seiya",2023-07-28,field_out,X,hit_into_play,R,673548,656756,L,CH,0,2,147.2,150.9,97.1,-4,23,0.321,0.29,"Suzuki, Seiya",673548,22.19999999999999,49.099999999999994,R,22.19999999999999,49.099999999999994,Out,0.4246308746772943,24.329556969957547,Opposite
"Suzuki, Seiya",2023-07-28,force_out,X,hit_into_play,R,673548,606149,R,SL,0,0,112.68,148.35,70.8,12,128,0.282,0.253,"Suzuki, Seiya",673548,-12.319999999999993,51.650000000000006,R,-12.319999999999993,51.650000000000006,Out,-0.23415321356129834,-13.415990896487827,Center
"Suzuki, Seiya",2023-07-28,field_out,X,hit_into_play,R,673548,656756,L,SI,3,1,179.43,138.45,88.9,61,202,0.016,0.018,"Suzuki, Seiya",673548,54.43000000000001,61.55000000000001,R,54.43000000000001,61.55000000000001,Out,0.724085215093704,41.487026832691654,Opposite
"Suzuki, Seiya",2023-07-27,force_out,X,hit_into_play,R,673548,641712,R,SI,1,1,111.67,143.78,97.1,-26,4,0.125,0.119,"Suzuki, Seiya",673548,-13.329999999999998,56.22,R,-13.329999999999998,56.22,Out,-0.2328051324456848,-13.338751538121883,Center
"Suzuki, Seiya",2023-07-27,field_out,X,hit_into_play,R,673548,641712,R,SL,3,2,152.28,168.7,95.1,-6,18,0.296,0.271,"Suzuki, Seiya",673548,27.28,31.30000000000001,R,27.28,31.30000000000001,Out,0.7168814793397605,41.074283177263204,Opposite
"Suzuki, Seiya",2023-07-27,field_out,X,hit_into_play,R,673548,605498,L,FF,3,1,187.23,135.54,88.1,59,220,0.013,0.014,"Suzuki, Seiya",673548,62.22999999999999,64.46000000000001,R,62.22999999999999,64.46000000000001,Out,0.7677979602638441,43.991582641871545,Opposite
"Suzuki, Seiya",2023-07-27,force_out,X,hit_into_play,R,673548,572403,R,ST,0,2,116.22,179.62,60.3,-1,26,0.086,0.077,"Suzuki, Seiya",673548,-8.780000000000001,20.379999999999995,R,-8.780000000000001,20.379999999999995,Out,-0.4067852751464321,-23.3070794339585,Pull
"Suzuki, Seiya",2023-07-26,field_out,X,hit_into_play,R,673548,458681,R,FF,2,0,160.16,44.33,102,29,391,0.583,1.1251206896551722,"Suzuki, Seiya",673548,35.16,155.67000000000002,R,35.16,155.67000000000002,Out,0.22213513649845137,12.727405802923714,Center
"Suzuki, Seiya",2023-07-25,single,X,hit_into_play,R,673548,656629,R,FF,0,2,63.47,106.32,105.7,5,106,0.666,0.637,"Suzuki, Seiya",673548,-61.53,93.68,R,-61.53,93.68,Single,-0.58114797198075685,-33.297326067084384,Pull
"Suzuki, Seiya",2023-07-25,field_out,X,hit_into_play,R,673548,656629,R,FF,1,0,151.37,150.82,92.4,4,91,0.453,0.427,"Suzuki, Seiya",673548,26.370000000000005,49.18000000000001,R,26.370000000000005,49.18000000000001,Out,0.49218151249601294,28.19992342038693,Opposite
"Suzuki, Seiya",2023-07-25,field_out,X,hit_into_play,R,673548,621383,L,SL,3,1,132.79,145.49,51.1,23,122,0.192,0.173,"Suzuki, Seiya",673548,7.789999999999992,54.50999999999999,R,7.789999999999992,54.50999999999999,Out,0.14194842094888954,8.133045428917772,Center
"Suzuki, Seiya",2023-07-25,field_error,X,hit_into_play,R,673548,656629,R,FF,1,2,108.97,157.48,74.3,-27,6,0.035,0.053,"Suzuki, Seiya",673548,-16.03,42.52000000000001,R,-16.03,42.52000000000001,Error,-0.3605221172884337,-20.6563957417477,Pull
"Suzuki, Seiya",2023-07-23,field_out,X,hit_into_play,R,673548,656756,L,SI,1,0,95.64,168.38,100.1,-4,23,0.347,0.313,"Suzuki, Seiya",673548,-29.36,31.620000000000005,R,-29.36,31.620000000000005,Out,-0.7483537862784359,-42.87751353638959,Pull
"Suzuki, Seiya",2023-07-23,field_out,X,hit_into_play,R,673548,656756,L,SI,3,2,126.28,137.28,98.7,-6,21,0.291,0.266,"Suzuki, Seiya",673548,1.2800000000000011,62.72,R,1.2800000000000011,62.72,Out,0.020405330686538103,1.16913932790742,Center
"Suzuki, Seiya",2023-07-23,field_out,X,hit_into_play,R,673548,668868,L,FF,2,1,131.03,118.27,107.1,6,130,0.676,0.625,"Suzuki, Seiya",673548,6.030000000000001,81.73,R,6.030000000000001,81.73,Out,0.07364608256056429,4.219609708392349,Center
"Suzuki, Seiya",2023-07-22,single,X,hit_into_play,R,673548,571945,R,SI,0,1,130.47,100.66,69.6,26,224,0.966,0.899,"Suzuki, Seiya",673548,5.469999999999999,99.34,R,5.469999999999999,99.34,Single,0.05500786918653512,3.1517187443961916,Center
"Suzuki, Seiya",2023-07-22,single,X,hit_into_play,R,673548,641712,R,CU,0,1,91.4,169.6,91.9,-21,6,0.131,0.122,"Suzuki, Seiya",673548,-33.599999999999994,30.400000000000006,R,-33.599999999999994,30.400000000000006,Single,-0.8353565591193909,-47.86240522611173,Pull
"Suzuki, Seiya",2023-07-22,field_out,X,hit_into_play,R,673548,571945,R,CU,1,2,109.5,68.58,87,28,326,0.068,0.084,"Suzuki, Seiya",673548,-15.5,131.42000000000002,R,-15.5,131.42000000000002,Out,-0.11740011727730267,-6.72653123433034,Center
"Suzuki, Seiya",2023-07-22,single,X,hit_into_play,R,673548,572403,R,SI,3,0,65.36,129.62,102.4,-1,45,0.482,0.453,"Suzuki, Seiya",673548,-59.64,70.38,R,-59.64,70.38,Single,-0.7029825930705151,-40.27793565410311,Pull
"Suzuki, Seiya",2023-07-21,field_out,X,hit_into_play,R,673548,608717,R,SL,2,2,91.78,154.57,99.8,-8,15,0.25,0.238,"Suzuki, Seiya",673548,-33.22,45.43000000000001,R,-33.22,45.43000000000001,Out,-0.6313828591784492,-36.17557308782793,Pull
"Suzuki, Seiya",2023-07-20,double,X,hit_into_play,R,673548,571927,L,SI,3,2,154.39,140.82,90.1,59,168,0.016,0.021,"Suzuki, Seiya",673548,29.389999999999986,59.18000000000001,R,29.389999999999986,59.18000000000001,Double,0.46094033981123794,26.409936078509933,Opposite
"Suzuki, Seiya",2023-07-20,field_out,X,hit_into_play,R,673548,606149,R,SL,0,2,151.7,188.98,72.6,74,73,0.001,0,"Suzuki, Seiya",673548,26.69999999999999,11.02000000000001,R,26.69999999999999,11.02000000000001,Out,1.17936072046669,67.57239180624939,Opposite
"Suzuki, Seiya",2023-07-20,field_out,X,hit_into_play,R,673548,571927,L,SI,3,2,140.93,45.16,104.9,17,382,0.553,0.651,"Suzuki, Seiya",673548,15.930000000000007,154.84,R,15.930000000000007,154.84,Out,0.10251970560375195,5.873946448018682,Center
"Suzuki, Seiya",2023-07-20,field_out,X,hit_into_play,R,673548,669467,R,CU,0,2,116.7,161.62,65.2,-4,18,0.068,0.065,"Suzuki, Seiya",673548,-8.299999999999997,38.379999999999995,R,-8.299999999999997,38.379999999999995,Out,-0.21297871393495824,-12.2027814345972,Center
"Suzuki, Seiya",2023-07-20,field_out,X,hit_into_play,R,673548,668941,L,CH,1,1,91.13,92.67,86.3,22,310,0.313,0.303,"Suzuki, Seiya",673548,-33.870000000000005,107.33,R,-33.870000000000005,107.33,Out,-0.3056782016163761,-17.51407084176741,Pull
"Suzuki, Seiya",2023-07-19,grounded_into_double_play,X,hit_into_play,R,673548,592866,R,SI,1,0,128.35,181.1,106.5,-3,28,0.434,0.411,"Suzuki, Seiya",673548,3.3499999999999943,18.900000000000006,R,3.3499999999999943,18.900000000000006,Out,0.17542668807587836,10.051208840705796,Center
"Suzuki, Seiya",2023-07-19,single,X,hit_into_play,R,673548,592866,R,ST,1,2,88.98,116.9,79.3,19,232,0.979,0.918,"Suzuki, Seiya",673548,-36.019999999999996,83.1,R,-36.019999999999996,83.1,Single,-0.4090091371774822,-23.434497342557062,Pull
"Suzuki, Seiya",2023-07-19,single,X,hit_into_play,R,673548,666168,R,SI,3,1,116.17,87.6,90,20,279,0.366,0.36,"Suzuki, Seiya",673548,-8.829999999999998,112.4,R,-8.829999999999998,112.4,Single,-0.07839770699747686,-4.491857734458666,Center
"Suzuki, Seiya",2023-07-18,home_run,X,hit_into_play,R,673548,571578,L,SL,2,2,18.03,70.21,108.2,25,413,0.943,1.875545454545455,"Suzuki, Seiya",673548,-106.97,129.79000000000002,R,-106.97,129.79000000000002,Home Run,-0.6893104562678508,-39.49457991838496,Pull
"Suzuki, Seiya",2023-07-18,single,X,hit_into_play,R,673548,686294,R,FF,0,2,171.36,121.14,94.1,-12,11,0.165,0.153,"Suzuki, Seiya",673548,46.360000000000014,78.86,R,46.360000000000014,78.86,Single,0.5314580243213173,30.450301781972534,Opposite
"Suzuki, Seiya",2023-07-18,single,X,hit_into_play,R,673548,502179,R,ST,1,2,150.92,83.81,81.5,22,259,0.695,0.661,"Suzuki, Seiya",673548,25.919999999999987,116.19,R,25.919999999999987,116.19,Single,0.2194889538902291,12.57579070765166,Center
"Suzuki, Seiya",2023-07-18,single,X,hit_into_play,R,673548,571578,L,SI,1,2,75.26,99.82,114.6,8,189,0.818,0.839,"Suzuki, Seiya",673548,-49.739999999999995,100.18,R,-49.739999999999995,100.18,Single,-0.4608487358615104,-26.40468755880381,Pull
"Suzuki, Seiya",2023-07-17,single,X,hit_into_play,R,673548,669022,L,FF,2,1,153.58,123.02,95.6,6,132,0.587,0.551,"Suzuki, Seiya",673548,28.580000000000013,76.98,R,28.580000000000013,76.98,Single,0.3554923673536984,20.36821229848117,Opposite
"Suzuki, Seiya",2023-07-17,field_out,X,hit_into_play,R,673548,666168,R,SI,1,1,121.76,72.33,97.7,18,315,0.387,0.422,"Suzuki, Seiya",673548,-3.239999999999995,127.67,R,-3.239999999999995,127.67,Out,-0.025372481446849005,-1.4537361026784326,Center
"Suzuki, Seiya",2023-07-17,field_out,X,hit_into_play,R,673548,669022,L,CH,0,2,104.36,167.29,69.1,-27,5,0.044,0.05,"Suzuki, Seiya",673548,-20.64,32.71000000000001,R,-20.64,32.71000000000001,Out,-0.562902073267094,-32.25191307736833,Pull
"Suzuki, Seiya",2023-07-16,field_out,X,hit_into_play,R,673548,607188,R,FF,1,2,160.94,108.15,94.7,58,244,0.021,0.019,"Suzuki, Seiya",673548,35.94,91.85,R,35.94,91.85,Out,0.37297540657968076,21.36991665919162,Opposite
"Suzuki, Seiya",2023-07-16,field_out,X,hit_into_play,R,673548,682175,L,SI,0,0,162.33,62.85,94.9,35,349,0.174,0.332,"Suzuki, Seiya",673548,37.33000000000001,137.15,R,37.33000000000001,137.15,Out,0.2657460762451448,15.22612859100858,Opposite
"Suzuki, Seiya",2023-07-15,force_out,X,hit_into_play,R,673548,572020,L,KC,1,0,102.31,175.65,97.1,-12,11,0.191,0.195,"Suzuki, Seiya",673548,-22.689999999999998,24.349999999999994,R,-22.689999999999998,24.349999999999994,Out,-0.7501236855824241,-42.97892129667126,Pull
"Suzuki, Seiya",2023-07-15,single,X,hit_into_play,R,673548,605463,R,SI,2,2,194.21,116.18,91,15,222,0.961,0.907,"Suzuki, Seiya",673548,69.21000000000001,83.82,R,69.21000000000001,83.82,Single,0.6902151790163531,39.54641671350361,Opposite
"Suzuki, Seiya",2023-07-14,field_out,X,hit_into_play,R,673548,678394,R,SL,0,0,114.15,167.81,72.7,-3,24,0.063,0.062,"Suzuki, Seiya",673548,-10.849999999999994,32.19,R,-10.849999999999994,32.19,Out,-0.32510187307322524,-18.62696523889359,Pull
"Suzuki, Seiya",2023-07-14,field_out,X,hit_into_play,R,673548,678394,R,SI,3,2,146.67,151.43,103.3,-22,4,0.157,0.142,"Suzuki, Seiya",673548,21.669999999999987,48.56999999999999,R,21.669999999999987,48.56999999999999,Out,0.4196561454809409,24.044525982785988,Opposite
"Suzuki, Seiya",2023-07-09,home_run,X,hit_into_play,R,673548,593334,R,CU,1,2,43.72,72.96,97.8,27,371,0.392,0.7150416666666666,"Suzuki, Seiya",673548,-81.28,127.04,R,-81.28,127.04,Home Run,-0.5691702216256191,-32.61105152367367,Pull
"Suzuki, Seiya",2023-07-09,field_out,X,hit_into_play,R,673548,593334,R,CU,0,1,105.39,161.77,83.3,-2,35,0.185,0.178,"Suzuki, Seiya",673548,-19.61,38.22999999999999,R,-19.61,38.22999999999999,Out,-0.4739522302002439,-27.155462481286815,Pull
"Suzuki, Seiya",2023-07-09,field_out,X,hit_into_play,R,673548,641656,R,SL,2,2,178.12,175.1,78,68,127,0.003,0.004,"Suzuki, Seiya",673548,53.120000000000005,24.900000000000006,R,53.120000000000005,24.900000000000006,Out,1.1324597669369387,64.88516511385544,Opposite
"Suzuki, Seiya",2023-07-09,sac_fly,X,hit_into_play,R,673548,605280,R,SL,2,2,162.73,88.16,83.1,26,290,NA,0.128,"Suzuki, Seiya",673548,37.72999999999999,111.84,R,37.72999999999999,111.84,Out,0.3253674173925719,18.642179807665826,Opposite
"Suzuki, Seiya",2023-07-08,single,X,hit_into_play,R,673548,543037,R,FF,2,0,78.9,115.65,104.6,-7,11,0.399,0.36,"Suzuki, Seiya",673548,-46.099999999999994,84.35,R,-46.099999999999994,84.35,Single,-0.5001769759623551,-28.658029732259376,Pull
"Suzuki, Seiya",2023-07-08,field_out,X,hit_into_play,R,673548,543037,R,SL,0,1,125.73,202.04,64.5,-77,0,0.188,0.203,"Suzuki, Seiya",673548,0.730000000000004,-2.039999999999992,R,0.730000000000004,-2.039999999999992,Out,2.7979477880703696,160.31059955439628,Opposite
"Suzuki, Seiya",2023-07-08,field_out,X,hit_into_play,R,673548,650633,R,ST,0,2,127.32,182.25,57.5,-15,5,0.068,0.061,"Suzuki, Seiya",673548,2.319999999999993,17.75,R,2.319999999999993,17.75,Out,0.12996746333164574,7.446587122924586,Center
"Suzuki, Seiya",2023-07-07,force_out,X,hit_into_play,R,673548,607074,L,FF,2,1,110.85,147.23,109.5,6,119,0.671,0.624,"Suzuki, Seiya",673548,-14.150000000000006,52.77000000000001,R,-14.150000000000006,52.77000000000001,Out,-0.26198186384290434,-15.010455107169403,Pull
"Suzuki, Seiya",2023-07-07,force_out,X,hit_into_play,R,673548,607074,L,FF,1,0,107.82,149.05,110,5,104,0.671,0.648,"Suzuki, Seiya",673548,-17.180000000000007,50.94999999999999,R,-17.180000000000007,50.94999999999999,Out,-0.3252205163563339,-18.63376299828329,Pull
"Suzuki, Seiya",2023-07-07,field_out,X,hit_into_play,R,673548,607074,L,FF,0,2,113.7,88.95,94,49,276,0.003,0.002,"Suzuki, Seiya",673548,-11.299999999999997,111.05,R,-11.299999999999997,111.05,Out,-0.1014069285082393,-5.810189016906982,Center
"Suzuki, Seiya",2023-07-07,single,X,hit_into_play,R,673548,592454,R,CH,2,1,82.97,116.93,94.5,5,93,0.511,0.489,"Suzuki, Seiya",673548,-42.03,83.07,R,-42.03,83.07,Single,-0.4684033016390664,-26.837532293911742,Pull
"Suzuki, Seiya",2023-07-06,single,X,hit_into_play,R,673548,650496,R,SI,0,1,117.76,170.73,66.1,-48,2,0.258,0.236,"Suzuki, Seiya",673548,-7.239999999999995,29.27000000000001,R,-7.239999999999995,29.27000000000001,Single,-0.2424851033014976,-13.893373013969597,Center
"Suzuki, Seiya",2023-07-05,single,X,hit_into_play,R,673548,605288,R,SI,2,2,52.12,86.5,100.6,13,255,0.905,0.886,"Suzuki, Seiya",673548,-72.88,113.5,R,-72.88,113.5,Single,-0.5708118486791417,-32.70510982537502,Pull
"Suzuki, Seiya",2023-07-05,single,X,hit_into_play,R,673548,605288,R,SI,1,1,114.71,182.43,68.5,-60,1,0.283,0.261,"Suzuki, Seiya",673548,-10.290000000000006,17.569999999999993,R,-10.290000000000006,17.569999999999993,Single,-0.5298066911876684,-30.355687362844346,Pull
"Suzuki, Seiya",2023-07-05,single,X,hit_into_play,R,673548,605288,R,CU,3,2,102.53,90.88,101.3,5,109,0.571,0.518,"Suzuki, Seiya",673548,-22.47,109.12,R,-22.47,109.12,Single,-0.20308141756528914,-11.63570812402501,Center
"Suzuki, Seiya",2023-07-04,field_out,X,hit_into_play,R,673548,489119,L,FC,0,1,139.59,142,88,8,152,0.516,0.479,"Suzuki, Seiya",673548,14.590000000000003,58,R,14.590000000000003,58,Out,0.24643857530594176,14.119890274247373,Center
"Suzuki, Seiya",2023-07-04,single,X,hit_into_play,R,673548,489119,L,FC,0,0,133.54,90.82,98.8,14,272,0.858,0.841,"Suzuki, Seiya",673548,8.539999999999992,109.18,R,8.539999999999992,109.18,Single,0.07806051425037137,4.472538013167099,Center
"Suzuki, Seiya",2023-07-04,field_out,X,hit_into_play,R,673548,669060,R,SI,0,1,137.52,81.36,84.4,34,295,0.024,0.028,"Suzuki, Seiya",673548,12.52000000000001,118.64,R,12.52000000000001,118.64,Out,0.1051401889874031,6.024089086186054,Center
"Suzuki, Seiya",2023-07-04,triple,X,hit_into_play,R,673548,489119,L,CH,0,1,112,43,104.4,11,264,0.924,0.914,"Suzuki, Seiya",673548,-13,157,R,-13,157,Triple,-0.08261408380864596,-4.733438330575483,Center
"Suzuki, Seiya",2023-07-02,field_out,X,hit_into_play,R,673548,650644,R,FC,0,1,141.8,95.46,75.2,27,262,0.637,0.6,"Suzuki, Seiya",673548,16.80000000000001,104.54,R,16.80000000000001,104.54,Out,0.159341649962371,9.129604043494751,Center
"Suzuki, Seiya",2023-07-02,field_out,X,hit_into_play,R,673548,661403,R,SL,1,0,117.45,142.95,95.2,-10,10,0.221,0.199,"Suzuki, Seiya",673548,-7.549999999999997,57.05000000000001,R,-7.549999999999997,57.05000000000001,Out,-0.13157547473214318,-7.53871938958201,Center
"Suzuki, Seiya",2023-07-01,field_out,X,hit_into_play,R,673548,669212,R,FF,1,0,154.03,48.33,100.5,33,378,0.476,0.9295555555555554,"Suzuki, Seiya",673548,29.03,151.67000000000002,R,29.03,151.67000000000002,Out,0.18911512221708357,10.835498345139635,Center
"Suzuki, Seiya",2023-06-27,field_out,X,hit_into_play,R,673548,624133,L,CH,1,2,168.68,61.71,98.8,22,355,0.322,0.501,"Suzuki, Seiya",673548,43.68000000000001,138.29,R,43.68000000000001,138.29,Out,0.3059411639791507,17.529137475325182,Opposite
"Suzuki, Seiya",2023-06-27,field_error,X,hit_into_play,R,673548,624133,L,SI,3,1,111.01,153.44,88.3,-41,2,0.058,0.064,"Suzuki, Seiya",673548,-13.989999999999995,46.56,R,-13.989999999999995,46.56,Error,-0.29189023220315213,-16.724078386334206,Pull
"Suzuki, Seiya",2023-06-25,field_out,X,hit_into_play,R,673548,669461,L,CU,0,2,108.24,165.36,84.2,-32,3,0.048,0.051,"Suzuki, Seiya",673548,-16.760000000000005,34.639999999999986,R,-16.760000000000005,34.639999999999986,Out,-0.45063114286854566,-25.81926260352449,Pull
"Suzuki, Seiya",2023-06-25,field_out,X,hit_into_play,R,673548,663765,R,SI,1,0,115.33,57.94,95,24,NA,0.239,0.344,"Suzuki, Seiya",673548,-9.670000000000002,142.06,R,-9.670000000000002,142.06,Out,-0.06796498707774253,-3.894106914215825,Center
"Suzuki, Seiya",2023-06-25,field_out,X,hit_into_play,R,673548,606149,R,SL,2,2,112.8,153.71,82,-12,7,0.081,0.074,"Suzuki, Seiya",673548,-12.200000000000003,46.28999999999999,R,-12.200000000000003,46.28999999999999,Out,-0.25769585347449986,-14.764884802110513,Center
"Suzuki, Seiya",2023-06-25,field_out,X,hit_into_play,R,673548,669461,L,CU,2,2,180.19,106.08,94.4,23,293,0.168,0.195,"Suzuki, Seiya",673548,55.19,93.92,R,55.19,93.92,Out,0.5312725979195814,30.43967763174277,Opposite
"Suzuki, Seiya",2023-06-24,field_out,X,hit_into_play,R,673548,571927,L,CU,3,2,99.12,166.38,101.8,5,102,0.576,0.519,"Suzuki, Seiya",673548,-25.879999999999995,33.620000000000005,R,-25.879999999999995,33.620000000000005,Out,-0.656040523189893,-37.58835316833528,Pull
"Suzuki, Seiya",2023-06-24,field_out,X,hit_into_play,R,673548,425794,R,FC,2,1,146.32,95.29,91.5,20,265,0.324,0.352,"Suzuki, Seiya",673548,21.319999999999993,104.71,R,21.319999999999993,104.71,Out,0.20086426324682835,11.508674539048004,Center
"Suzuki, Seiya",2023-06-24,field_out,X,hit_into_play,R,673548,425794,R,FC,1,1,106.21,153.71,76.6,-12,14,0.068,0.061,"Suzuki, Seiya",673548,-18.790000000000006,46.28999999999999,R,-18.790000000000006,46.28999999999999,Out,-0.3855987019750325,-22.0931782088922,Pull
"Suzuki, Seiya",2023-06-24,field_out,X,hit_into_play,R,673548,572403,R,ST,3,2,152.51,107.17,75.8,30,240,0.321,0.307,"Suzuki, Seiya",673548,27.50999999999999,92.83,R,27.50999999999999,92.83,Out,0.28810312740151706,16.507093264626786,Opposite
"Suzuki, Seiya",2023-06-24,fielders_choice,X,hit_into_play,R,673548,571927,L,CH,3,1,101.14,164.35,92.4,-25,3,0.105,0.096,"Suzuki, Seiya",673548,-23.86,35.650000000000006,R,-23.86,35.650000000000006,Other,-0.5898129073823637,-33.79379029534996,Pull
"Suzuki, Seiya",2023-06-21,field_out,X,hit_into_play,R,673548,448179,L,CU,3,2,117.71,187.75,99.6,-11,12,0.253,0.229,"Suzuki, Seiya",673548,-7.290000000000006,12.25,R,-7.290000000000006,12.25,Out,-0.5368102762890026,-30.756963230611497,Pull
"Suzuki, Seiya",2023-06-21,sac_fly,X,hit_into_play,R,673548,448179,L,CU,2,1,109.59,74.53,85.6,32,312,NA,0.021,"Suzuki, Seiya",673548,-15.409999999999997,125.47,R,-15.409999999999997,125.47,Out,-0.12220619049117992,-7.001898945516383,Center
"Suzuki, Seiya",2023-06-21,single,X,hit_into_play,R,673548,448179,L,CU,1,2,164.9,104.87,104.8,7,169,0.65,0.59,"Suzuki, Seiya",673548,39.900000000000006,95.13,R,39.900000000000006,95.13,Single,0.3971400035728766,22.754446080536265,Opposite
"Suzuki, Seiya",2023-06-21,single,X,hit_into_play,R,673548,670280,R,CU,0,2,84.21,111.48,93,0,48,0.358,0.327,"Suzuki, Seiya",673548,-40.790000000000006,88.52,R,-40.790000000000006,88.52,Single,-0.4317986749651045,-24.740241674841727,Pull
"Suzuki, Seiya",2023-06-20,single,X,hit_into_play,R,673548,670912,R,FF,1,2,112.06,158.14,106.3,-5,24,0.423,0.384,"Suzuki, Seiya",673548,-12.939999999999998,41.860000000000014,R,-12.939999999999998,41.860000000000014,Single,-0.29980778743507835,-17.177720885185302,Pull
"Suzuki, Seiya",2023-06-20,field_out,X,hit_into_play,R,673548,670912,R,SL,2,2,105.34,74.5,88,25,313,0.082,0.085,"Suzuki, Seiya",673548,-19.659999999999997,125.5,R,-19.659999999999997,125.5,Out,-0.15539049053640955,-8.903219284203827,Center
"Suzuki, Seiya",2023-06-20,sac_fly,X,hit_into_play,R,673548,664294,R,SL,1,1,75.32,84.9,86.3,38,309,NA,0.005,"Suzuki, Seiya",673548,-49.68000000000001,115.1,R,-49.68000000000001,115.1,Out,-0.40746839830099923,-23.34621950760286,Pull
"Suzuki, Seiya",2023-06-19,field_out,X,hit_into_play,R,673548,674370,R,SI,1,0,111.45,152.68,96.3,-18,6,0.143,0.141,"Suzuki, Seiya",673548,-13.549999999999997,47.31999999999999,R,-13.549999999999997,47.31999999999999,Out,-0.2788856945466623,-15.978973264098387,Pull
"Suzuki, Seiya",2023-06-19,double,X,hit_into_play,R,673548,670990,R,SI,0,1,53.28,112.68,107.1,-1,36,0.487,0.451,"Suzuki, Seiya",673548,-71.72,87.32,R,-71.72,87.32,Double,-0.6876224102644164,-39.397862006764235,Pull
"Suzuki, Seiya",2023-06-19,field_out,X,hit_into_play,R,673548,670990,R,SI,0,0,137.51,147.83,103,-3,31,0.485,0.442,"Suzuki, Seiya",673548,12.509999999999991,52.16999999999999,R,12.509999999999991,52.16999999999999,Out,0.23534923067442598,13.48451762929546,Center
"Suzuki, Seiya",2023-06-18,field_out,X,hit_into_play,R,673548,665152,R,SI,3,2,159.24,181.71,73.4,67,110,0.003,0.003,"Suzuki, Seiya",673548,34.24000000000001,18.289999999999992,R,34.24000000000001,18.289999999999992,Out,1.0801874065007633,61.890179475675964,Opposite
"Suzuki, Seiya",2023-06-18,field_out,X,hit_into_play,R,673548,665152,R,FC,0,2,99.11,155.17,85.4,-42,2,0.078,0.071,"Suzuki, Seiya",673548,-25.89,44.83000000000001,R,-25.89,44.83000000000001,Out,-0.5237223575484043,-30.007080724165043,Pull
"Suzuki, Seiya",2023-06-18,field_out,X,hit_into_play,R,673548,666974,R,SI,2,1,109.08,130.65,93.7,-22,5,0.134,0.129,"Suzuki, Seiya",673548,-15.920000000000002,69.35,R,-15.920000000000002,69.35,Out,-0.22565064617990052,-12.928829670508133,Center
"Suzuki, Seiya",2023-06-17,field_out,X,hit_into_play,R,673548,502043,R,SI,2,2,108.47,138.16,95.7,-22,5,0.131,0.129,"Suzuki, Seiya",673548,-16.53,61.84,R,-16.53,61.84,Out,-0.2611961202932818,-14.965435317996402,Center
"Suzuki, Seiya",2023-06-17,field_out,X,hit_into_play,R,673548,502043,R,SI,2,1,112.96,47.16,101.2,24,376,0.497,0.8759310344827588,"Suzuki, Seiya",673548,-12.040000000000006,152.84,R,-12.040000000000006,152.84,Out,-0.07861284648783311,-4.504184319262674,Center
"Suzuki, Seiya",2023-06-17,field_out,X,hit_into_play,R,673548,502043,R,SI,2,1,103.06,152.52,111.6,-1,42,0.532,0.486,"Suzuki, Seiya",673548,-21.939999999999998,47.47999999999999,R,-21.939999999999998,47.47999999999999,Out,-0.4328617868629199,-24.801153499736692,Pull
"Suzuki, Seiya",2023-06-17,field_out,X,hit_into_play,R,673548,543056,L,KC,2,2,172.17,129.49,80.9,49,193,0.037,0.041,"Suzuki, Seiya",673548,47.16999999999999,70.50999999999999,R,47.16999999999999,70.50999999999999,Out,0.5896045899497243,33.78185458566072,Opposite
"Suzuki, Seiya",2023-06-16,field_out,X,hit_into_play,R,673548,608344,L,FF,2,2,210.59,94.91,101.8,22,331,0.472,0.7841111111111111,"Suzuki, Seiya",673548,85.59,105.09,R,85.59,105.09,Out,0.6834868733328927,39.16091319456745,Opposite
"Suzuki, Seiya",2023-06-16,single,X,hit_into_play,R,673548,657585,R,FS,1,2,112.16,90.08,103.8,5,103,0.613,0.578,"Suzuki, Seiya",673548,-12.840000000000003,109.92,R,-12.840000000000003,109.92,Single,-0.1162852302465021,-6.662652912831596,Center
"Suzuki, Seiya",2023-06-16,field_out,X,hit_into_play,R,673548,657508,R,FF,1,1,158.8,68.53,102.7,33,333,0.588,1.1700769230769237,"Suzuki, Seiya",673548,33.80000000000001,131.47,R,33.80000000000001,131.47,Out,0.2516430870436574,14.418086831244777,Center
"Suzuki, Seiya",2023-06-16,field_out,X,hit_into_play,R,673548,669211,L,SL,0,2,148.48,65.88,93.3,29,335,0.095,0.142,"Suzuki, Seiya",673548,23.47999999999999,134.12,R,23.47999999999999,134.12,Out,0.17331077579980486,9.929975997466862,Center
"Suzuki, Seiya",2023-06-15,field_out,X,hit_into_play,R,673548,670912,R,FF,1,0,103.52,147.79,108.8,6,146,0.671,0.624,"Suzuki, Seiya",673548,-21.480000000000004,52.21000000000001,R,-21.480000000000004,52.21000000000001,Out,-0.3903083723125431,-22.363022442129516,Pull
"Suzuki, Seiya",2023-06-14,field_out,X,hit_into_play,R,673548,674370,R,SL,2,2,44.75,98.24,98.1,45,318,0.034,0.052,"Suzuki, Seiya",673548,-80.25,101.76,R,-80.25,101.76,Out,-0.6677634704985231,-38.260028572574036,Pull
"Suzuki, Seiya",2023-06-14,single,X,hit_into_play,R,673548,674370,R,SI,0,1,118.22,141.02,104.6,3,80,0.571,0.538,"Suzuki, Seiya",673548,-6.780000000000001,58.97999999999999,R,-6.780000000000001,58.97999999999999,Single,-0.11445184581777737,-6.5576077228406655,Center
"Suzuki, Seiya",2023-06-14,double,X,hit_into_play,R,673548,670059,R,SI,0,1,162.8,46.8,103.7,21,386,0.547,0.9053000000000004,"Suzuki, Seiya",673548,37.80000000000001,153.2,R,37.80000000000001,153.2,Double,0.24190458735060422,13.860111900043382,Center
"Suzuki, Seiya",2023-06-14,field_out,X,hit_into_play,R,673548,672710,R,FF,2,0,144.3,147.08,103.9,7,149,0.668,0.613,"Suzuki, Seiya",673548,19.30000000000001,52.91999999999999,R,19.30000000000001,52.91999999999999,Out,0.3497113661047597,20.036985325557122,Opposite
"Suzuki, Seiya",2023-06-13,field_out,X,hit_into_play,R,673548,682847,R,SI,1,0,101.74,159.54,102.7,-29,4,0.125,0.118,"Suzuki, Seiya",673548,-23.260000000000005,40.46000000000001,R,-23.260000000000005,40.46000000000001,Out,-0.5217506902948733,-29.894112511933564,Pull
"Suzuki, Seiya",2023-06-13,field_out,X,hit_into_play,R,673548,682847,R,SI,3,1,122.8,136.32,102.2,-17,6,0.227,0.204,"Suzuki, Seiya",673548,-2.200000000000003,63.68000000000001,R,-2.200000000000003,63.68000000000001,Out,-0.03453400375345712,-1.9786526647620364,Center
"Suzuki, Seiya",2023-06-13,single,X,hit_into_play,R,673548,670990,R,SI,2,1,142.33,147.84,100.8,5,117,0.571,0.518,"Suzuki, Seiya",673548,17.330000000000013,52.16,R,17.330000000000013,52.16,Single,0.32077247519642116,18.378909012719813,Opposite
"Suzuki, Seiya",2023-06-13,field_out,X,hit_into_play,R,673548,682847,R,SL,2,2,131.5,69.83,107,15,321,0.639,0.711,"Suzuki, Seiya",673548,6.5,130.17000000000002,R,6.5,130.17000000000002,Out,0.049893259126763026,2.8586731741160967,Center
"Suzuki, Seiya",2023-06-09,single,X,hit_into_play,R,673548,543101,R,SL,1,2,123.82,110.64,90.7,13,223,0.95,0.897,"Suzuki, Seiya",673548,-1.1800000000000068,89.36,R,-1.1800000000000068,89.36,Single,-0.013204245979247242,-0.7565475662634537,Center
"Suzuki, Seiya",2023-06-09,double,X,hit_into_play,R,673548,543101,R,SL,0,1,176.95,66.17,101.2,17,294,0.484,0.559,"Suzuki, Seiya",673548,51.94999999999999,133.82999999999998,R,51.94999999999999,133.82999999999998,Double,0.3702745370451158,21.21516823384559,Opposite
"Suzuki, Seiya",2023-06-09,single,X,hit_into_play,R,673548,663941,R,ST,0,1,68.37,110.9,82.8,12,165,0.595,0.535,"Suzuki, Seiya",673548,-56.629999999999995,89.1,R,-56.629999999999995,89.1,Single,-0.5661698318890498,-32.43914185487388,Pull
"Suzuki, Seiya",2023-06-08,single,X,hit_into_play,R,673548,672282,L,CU,2,2,126.23,102.06,78.2,17,210,0.929,0.865,"Suzuki, Seiya",673548,1.230000000000004,97.94,R,1.230000000000004,97.94,Single,0.012558049218236928,0.7195232191225389,Center
"Suzuki, Seiya",2023-06-08,double,X,hit_into_play,R,673548,672282,L,FF,1,2,171.82,74.36,106.1,13,290,0.868,0.895,"Suzuki, Seiya",673548,46.81999999999999,125.64,R,46.81999999999999,125.64,Double,0.356710581353681,20.43801081922392,Opposite
"Suzuki, Seiya",2023-06-08,field_out,X,hit_into_play,R,673548,672282,L,CU,0,1,129.74,137.09,93.3,5,108,0.511,0.497,"Suzuki, Seiya",673548,4.740000000000009,62.91,R,4.740000000000009,62.91,Out,0.07520363696625562,4.30885100220047,Center
"Suzuki, Seiya",2023-06-07,field_out,X,hit_into_play,R,673548,690829,R,FF,1,2,116.1,178.45,69,-71,1,0.233,0.228,"Suzuki, Seiya",673548,-8.900000000000006,21.55000000000001,R,-8.900000000000006,21.55000000000001,Out,-0.39165685084730945,-22.44028457093561,Pull
"Suzuki, Seiya",2023-06-07,force_out,X,hit_into_play,R,673548,642545,R,FF,0,0,95.11,147.47,91.5,-15,11,0.123,0.125,"Suzuki, Seiya",673548,-29.89,52.53,R,-29.89,52.53,Out,-0.5173196135173816,-29.64023051388486,Pull
"Suzuki, Seiya",2023-06-07,field_out,X,hit_into_play,R,673548,696147,R,SI,0,1,131.52,161.83,91.9,0,42,0.355,0.328,"Suzuki, Seiya",673548,6.52000000000001,38.16999999999999,R,6.52000000000001,38.16999999999999,Out,0.16918194076144819,9.69341117546329,Center
"Suzuki, Seiya",2023-06-06,field_out,X,hit_into_play,R,673548,542881,L,CH,3,2,120.75,119.49,68.8,49,202,0.176,0.182,"Suzuki, Seiya",673548,-4.25,80.51,R,-4.25,80.51,Out,-0.05273952144512142,-3.0217519923451537,Center
"Suzuki, Seiya",2023-06-06,single,X,hit_into_play,R,673548,542881,L,FF,0,0,102.33,165.11,99.1,-2,38,0.408,0.368,"Suzuki, Seiya",673548,-22.67,34.889999999999986,R,-22.67,34.889999999999986,Single,-0.5762039376838706,-33.01405376810487,Pull
"Suzuki, Seiya",2023-06-05,field_out,X,hit_into_play,R,673548,605483,L,SL,1,2,171.42,126.36,72.4,43,215,0.284,0.286,"Suzuki, Seiya",673548,46.41999999999999,73.64,R,46.41999999999999,73.64,Out,0.5624472299143971,32.225852472919215,Opposite
"Suzuki, Seiya",2023-06-05,field_out,X,hit_into_play,R,673548,605483,L,CU,2,2,94.93,165.72,97.8,-1,31,0.369,0.34,"Suzuki, Seiya",673548,-30.069999999999993,34.28,R,-30.069999999999993,34.28,Out,-0.7200678014774395,-41.25684598792131,Pull
"Suzuki, Seiya",2023-06-04,grounded_into_double_play,X,hit_into_play,R,673548,593619,R,SI,2,2,113.66,150.82,102.3,-3,28,0.431,0.388,"Suzuki, Seiya",673548,-11.340000000000003,49.18000000000001,R,-11.340000000000003,49.18000000000001,Out,-0.22662063729184237,-12.984406067387603,Center
"Suzuki, Seiya",2023-06-04,field_out,X,hit_into_play,R,673548,677960,L,CH,1,0,96.46,136.55,83.8,59,175,0.018,0.021,"Suzuki, Seiya",673548,-28.540000000000006,63.44999999999999,R,-28.540000000000006,63.44999999999999,Out,-0.42269008410433867,-24.21835786120841,Pull
"Suzuki, Seiya",2023-06-04,field_out,X,hit_into_play,R,673548,656290,R,SL,1,1,140.2,127.38,81.9,13,186,0.705,0.645,"Suzuki, Seiya",673548,15.199999999999989,72.62,R,15.199999999999989,72.62,Out,0.20633003001543265,11.821839906691887,Center
"Suzuki, Seiya",2023-06-03,field_out,X,hit_into_play,R,673548,506433,R,SI,1,0,107.88,150.98,101.8,-17,6,0.227,0.204,"Suzuki, Seiya",673548,-17.120000000000005,49.02000000000001,R,-17.120000000000005,49.02000000000001,Out,-0.33600223896025955,-19.251510199369033,Pull
"Suzuki, Seiya",2023-06-02,field_out,X,hit_into_play,R,673548,608379,R,SI,1,0,138.74,135.19,57.4,30,168,0.387,0.348,"Suzuki, Seiya",673548,13.740000000000009,64.81,R,13.740000000000009,64.81,Out,0.2089110814789821,11.969723262259334,Center
"Suzuki, Seiya",2023-05-31,double,X,hit_into_play,R,673548,621107,R,CU,2,2,56.69,122.93,91.2,5,82,0.439,0.405,"Suzuki, Seiya",673548,-68.31,77.07,R,-68.31,77.07,Double,-0.7252150489107744,-41.55176154196094,Pull
"Suzuki, Seiya",2023-05-31,single,X,hit_into_play,R,673548,621107,R,FC,0,1,61.76,108.19,108.9,-3,26,0.442,0.408,"Suzuki, Seiya",673548,-63.24,91.81,R,-63.24,91.81,Single,-0.603178965597479,-34.559609019802224,Pull
"Suzuki, Seiya",2023-05-31,field_out,X,hit_into_play,R,673548,687330,R,ST,0,2,61.85,93.23,90.9,40,305,0.016,0.022,"Suzuki, Seiya",673548,-63.15,106.77,R,-63.15,106.77,Out,-0.5341151458013261,-30.6025436284306,Pull
"Suzuki, Seiya",2023-05-30,single,X,hit_into_play,R,673548,663556,L,FF,2,0,117.3,54.06,113.2,11,309,0.895,0.941,"Suzuki, Seiya",673548,-7.700000000000003,145.94,R,-7.700000000000003,145.94,Single,-0.05271253193274328,-3.0202056071947703,Center
"Suzuki, Seiya",2023-05-30,single,X,hit_into_play,R,673548,663556,L,CU,0,1,100.6,87.71,111.6,4,101,0.668,0.651,"Suzuki, Seiya",673548,-24.400000000000006,112.29,R,-24.400000000000006,112.29,Single,-0.21396825084586038,-12.259477723264308,Center
"Suzuki, Seiya",2023-05-29,single,X,hit_into_play,R,673548,671737,R,CU,2,2,93.93,172.25,74.9,2,46,0.174,0.164,"Suzuki, Seiya",673548,-31.069999999999993,27.75,R,-31.069999999999993,27.75,Single,-0.8417817241517508,-48.230540065141,Pull
"Suzuki, Seiya",2023-05-28,grounded_into_double_play,X,hit_into_play,R,673548,668933,R,FC,3,1,111.83,145.64,97.2,-5,23,0.256,0.233,"Suzuki, Seiya",673548,-13.170000000000002,54.360000000000014,R,-13.170000000000002,54.360000000000014,Out,-0.23769376533039932,-13.61884957000489,Center
"Suzuki, Seiya",2023-05-28,field_out,X,hit_into_play,R,673548,668933,R,SL,2,2,130.27,47.29,100.5,23,375,0.445,0.7478400000000002,"Suzuki, Seiya",673548,5.27000000000001,152.71,R,5.27000000000001,152.71,Out,0.034496165453498664,1.9764846898704669,Center
"Suzuki, Seiya",2023-05-28,field_out,X,hit_into_play,R,673548,664139,R,FF,3,1,76.72,103.26,87.6,45,267,0.005,0.005,"Suzuki, Seiya",673548,-48.28,96.74,R,-48.28,96.74,Out,-0.46290306909867335,-26.5223921830067,Pull
"Suzuki, Seiya",2023-05-27,field_out,X,hit_into_play,R,673548,682227,L,ST,0,0,145.53,49.59,104.3,31,372,0.743,1.4787142857142852,"Suzuki, Seiya",673548,20.53,150.41,R,20.53,150.41,Out,0.13565528733206628,7.772475432761899,Center
"Suzuki, Seiya",2023-05-27,field_out,X,hit_into_play,R,673548,664139,R,FF,3,1,137.93,87.44,96.7,44,269,0.034,0.065,"Suzuki, Seiya",673548,12.930000000000007,112.56,R,12.930000000000007,112.56,Out,0.11437076297939208,6.5529620184102475,Center
"Suzuki, Seiya",2023-05-27,field_out,X,hit_into_play,R,673548,682227,L,ST,1,2,112.12,148.57,80.8,-17,9,0.07,0.068,"Suzuki, Seiya",673548,-12.879999999999995,51.43000000000001,R,-12.879999999999995,51.43000000000001,Out,-0.24539037399106725,-14.059832762825001,Center
"Suzuki, Seiya",2023-05-25,field_out,X,hit_into_play,R,673548,471911,R,CU,0,1,124.28,122.14,85.1,55,195,0.018,0.02,"Suzuki, Seiya",673548,-0.7199999999999989,77.86,R,-0.7199999999999989,77.86,Out,-0.009247103490129718,-0.5298200027051263,Center
"Suzuki, Seiya",2023-05-25,single,X,hit_into_play,R,673548,471911,R,FF,1,1,127.14,144.16,101.1,-31,4,0.111,0.1,"Suzuki, Seiya",673548,2.1400000000000006,55.84,R,2.1400000000000006,55.84,Single,0.03830503654814255,2.1947169283029355,Center
"Suzuki, Seiya",2023-05-25,single,X,hit_into_play,R,673548,488984,R,FC,2,1,121.69,163.54,67.5,-45,3,0.168,0.172,"Suzuki, Seiya",673548,-3.3100000000000023,36.46000000000001,R,-3.3100000000000023,36.46000000000001,Single,-0.09053623806815574,-5.187344334296982,Center
"Suzuki, Seiya",2023-05-24,field_out,X,hit_into_play,R,673548,673540,R,FC,3,1,119.27,219.26,85,83,41,0.001,0,"Suzuki, Seiya",673548,-5.730000000000004,-19.25999999999999,R,-5.730000000000004,-19.25999999999999,Out,-2.8524238574074112,-163.4318484118708,Pull
"Suzuki, Seiya",2023-05-24,double,X,hit_into_play,R,673548,673540,R,FO,0,1,32.16,84.21,101.4,22,363,0.405,0.654047619047619,"Suzuki, Seiya",673548,-92.84,115.79,R,-92.84,115.79,Double,-0.6758353215153723,-38.722511568697875,Pull
"Suzuki, Seiya",2023-05-24,field_out,X,hit_into_play,R,673548,622098,R,FF,1,2,152.58,173.23,95.2,-35,5,0.065,0.062,"Suzuki, Seiya",673548,27.580000000000013,26.77000000000001,R,27.580000000000013,26.77000000000001,Out,0.8003004640027868,45.85383892972115,Opposite
"Suzuki, Seiya",2023-05-23,field_out,X,hit_into_play,R,673548,608678,R,FC,3,2,116.24,149.61,81.4,-15,8,0.075,0.07,"Suzuki, Seiya",673548,-8.760000000000005,50.389999999999986,R,-8.760000000000005,50.389999999999986,Out,-0.1721238134091459,-9.861968062041345,Center
"Suzuki, Seiya",2023-05-23,home_run,X,hit_into_play,R,673548,656731,R,FF,0,0,118.97,31.54,105.6,29,414,0.883,1.7598478260869563,"Suzuki, Seiya",673548,-6.030000000000001,168.46,R,-6.030000000000001,168.46,Home Run,-0.03577957154878793,-2.0500184425319063,Center
"Suzuki, Seiya",2023-05-23,force_out,X,hit_into_play,R,673548,656257,R,ST,2,2,110.18,151.43,85,-4,20,0.174,0.164,"Suzuki, Seiya",673548,-14.819999999999993,48.56999999999999,R,-14.819999999999993,48.56999999999999,Out,-0.2961534552808628,-16.9683430758098,Pull
"Suzuki, Seiya",2023-05-21,single,X,hit_into_play,R,673548,592836,R,SI,0,0,180.34,131.5,83.9,13,178,0.784,0.74,"Suzuki, Seiya",673548,55.34,68.5,R,55.34,68.5,Single,0.6795293282842619,38.934162566048,Opposite
"Suzuki, Seiya",2023-05-20,field_out,X,hit_into_play,R,673548,605400,R,SI,1,0,76.46,87.32,98.5,18,303,0.387,0.422,"Suzuki, Seiya",673548,-48.540000000000006,112.68,R,-48.540000000000006,112.68,Out,-0.4067539815254485,-23.305286441550457,Pull
"Suzuki, Seiya",2023-05-19,single,X,hit_into_play,R,673548,607755,L,SL,0,1,162.57,143.28,95.9,-35,4,0.073,0.069,"Suzuki, Seiya",673548,37.56999999999999,56.72,R,37.56999999999999,56.72,Single,0.5850266645137849,33.5195587792558,Opposite
"Suzuki, Seiya",2023-05-19,double,X,hit_into_play,R,673548,657272,R,SL,1,1,52.25,102.47,89.5,18,267,0.705,0.69,"Suzuki, Seiya",673548,-72.75,97.53,R,-72.75,97.53,Double,-0.6408875736423099,-36.7201531120841,Pull
"Suzuki, Seiya",2023-05-17,home_run,X,hit_into_play,R,673548,641585,R,ST,2,0,34.52,79.67,104.3,38,371,0.471,0.9407777777777776,"Suzuki, Seiya",673548,-90.47999999999999,120.33,R,-90.47999999999999,120.33,Home Run,-0.6447365616957146,-36.94068388294046,Pull
"Suzuki, Seiya",2023-05-17,single,X,hit_into_play,R,673548,592773,R,FF,3,2,78.33,121.48,102.7,-9,13,0.358,0.322,"Suzuki, Seiya",673548,-46.67,78.52,R,-46.67,78.52,Single,-0.5362701464907177,-30.72601607278052,Pull
"Suzuki, Seiya",2023-05-17,home_run,X,hit_into_play,R,673548,641585,R,ST,1,1,36.68,70.22,101.2,34,386,0.415,0.8027272727272727,"Suzuki, Seiya",673548,-88.32,129.78,R,-88.32,129.78,Home Run,-0.5975432872371754,-34.23670843506362,Pull
"Suzuki, Seiya",2023-05-16,field_out,X,hit_into_play,R,673548,664299,R,FF,1,2,116.49,80.12,95.7,44,297,0.026,0.039,"Suzuki, Seiya",673548,-8.510000000000005,119.88,R,-8.510000000000005,119.88,Out,-0.07086877211766608,-4.060481541616672,Center
"Suzuki, Seiya",2023-05-16,home_run,X,hit_into_play,R,673548,657424,L,FF,2,0,41.15,74.31,98.8,26,372,0.428,0.7702173913043479,"Suzuki, Seiya",673548,-83.85,125.69,R,-83.85,125.69,Home Run,-0.588314661837271,-33.70794714894186,Pull
"Suzuki, Seiya",2023-05-16,single,X,hit_into_play,R,673548,664208,R,ST,1,2,80.02,117.97,97.9,5,98,0.605,0.577,"Suzuki, Seiya",673548,-44.980000000000004,82.03,R,-44.980000000000004,82.03,Single,-0.5015647506478916,-28.737543364655714,Pull
"Suzuki, Seiya",2023-05-15,force_out,X,hit_into_play,R,673548,664285,L,SI,2,2,117.47,134.59,101.7,-21,6,0.134,0.139,"Suzuki, Seiya",673548,-7.530000000000001,65.41,R,-7.530000000000001,65.41,Out,-0.11461547093857545,-6.566982751684714,Center
"Suzuki, Seiya",2023-05-15,double_play,X,hit_into_play,R,673548,606160,R,SI,1,0,112.63,155.21,109,6,156,0.671,0.624,"Suzuki, Seiya",673548,-12.370000000000005,44.78999999999999,R,-12.370000000000005,44.78999999999999,Out,-0.2694607961602941,-15.438966364219832,Pull
"Suzuki, Seiya",2023-05-14,home_run,X,hit_into_play,R,673548,686973,R,SL,2,1,36.29,80.66,108.8,20,366,0.798,1.3977586206896548,"Suzuki, Seiya",673548,-88.71000000000001,119.34,R,-88.71000000000001,119.34,Home Run,-0.6392240094257305,-36.62483790352512,Pull
"Suzuki, Seiya",2023-05-14,field_out,X,hit_into_play,R,673548,686973,R,ST,0,1,90.4,62.05,101.9,39,349,0.312,0.6144000000000001,"Suzuki, Seiya",673548,-34.599999999999994,137.95,R,-34.599999999999994,137.95,Out,-0.24574605724634901,-14.08021191219612,Center
"Suzuki, Seiya",2023-05-14,field_out,X,hit_into_play,R,673548,686973,R,SL,1,1,149.27,149.35,90.8,4,109,0.429,0.408,"Suzuki, Seiya",673548,24.27000000000001,50.650000000000006,R,24.27000000000001,50.650000000000006,Out,0.4468458136274477,25.602379213942122,Opposite
"Suzuki, Seiya",2023-05-14,field_out,X,hit_into_play,R,673548,605347,R,SL,1,1,171.51,136.64,83.1,58,201,0.029,0.035,"Suzuki, Seiya",673548,46.50999999999999,63.360000000000014,R,46.50999999999999,63.360000000000014,Out,0.6332207879633596,36.2808786502489,Opposite
"Suzuki, Seiya",2023-05-13,double,X,hit_into_play,R,673548,657746,R,FS,1,1,128.49,115.59,73.3,40,234,0.276,0.282,"Suzuki, Seiya",673548,3.490000000000009,84.41,R,3.490000000000009,84.41,Double,0.04132227634951799,2.367592034700639,Center
"Suzuki, Seiya",2023-05-12,sac_fly,X,hit_into_play,R,673548,543243,R,FC,2,0,64.59,83.98,112.2,14,322,NA,0.857,"Suzuki, Seiya",673548,-60.41,116.02,R,-60.41,116.02,Out,-0.4800591974702334,-27.50536593148174,Pull
"Suzuki, Seiya",2023-05-12,force_out,X,hit_into_play,R,673548,605446,R,FC,1,1,111.08,146.7,90.2,6,107,0.471,0.438,"Suzuki, Seiya",673548,-13.920000000000002,53.30000000000001,R,-13.920000000000002,53.30000000000001,Out,-0.2554573214993215,-14.63662636762771,Center
"Suzuki, Seiya",2023-05-12,double,X,hit_into_play,R,673548,660896,R,SL,1,0,177.44,155.24,56.8,28,143,0.374,0.336,"Suzuki, Seiya",673548,52.44,44.75999999999999,R,52.44,44.75999999999999,Double,0.8642466988408483,49.517688301694506,Opposite
"Suzuki, Seiya",2023-05-10,single,X,hit_into_play,R,673548,656756,L,CU,1,2,72.29,82.45,107.5,13,251,0.839,0.875,"Suzuki, Seiya",673548,-52.709999999999994,117.55,R,-52.709999999999994,117.55,Single,-0.4215266765150082,-24.151699516486286,Pull
"Suzuki, Seiya",2023-05-10,double,X,hit_into_play,R,673548,656756,L,SI,3,2,201.5,127.39,82.6,27,258,0.108,0.105,"Suzuki, Seiya",673548,76.5,72.61,R,76.5,72.61,Double,0.8114803702355533,46.49440037221068,Opposite
"Suzuki, Seiya",2023-05-10,force_out,X,hit_into_play,R,673548,664942,R,CU,2,2,120.31,159.54,66.6,-34,2,0.068,0.069,"Suzuki, Seiya",673548,-4.689999999999998,40.46000000000001,R,-4.689999999999998,40.46000000000001,Out,-0.11540191891510129,-6.612042901546248,Center
"Suzuki, Seiya",2023-05-10,field_out,X,hit_into_play,R,673548,656756,L,SI,2,0,107.12,153.44,107.6,-2,31,0.445,0.403,"Suzuki, Seiya",673548,-17.879999999999995,46.56,R,-17.879999999999995,46.56,Out,-0.36665560964626476,-21.007818967527168,Pull
"Suzuki, Seiya",2023-05-09,field_out,X,hit_into_play,R,673548,656427,R,SL,2,1,83.06,66.12,99.3,37,345,0.244,0.4726999999999999,"Suzuki, Seiya",673548,-41.94,133.88,R,-41.94,133.88,Out,-0.3035822124012673,-17.39397950583674,Pull
"Suzuki, Seiya",2023-05-08,field_out,X,hit_into_play,R,673548,571945,R,SI,0,0,128.67,183.94,105.1,-12,12,0.304,0.275,"Suzuki, Seiya",673548,3.6699999999999875,16.060000000000002,R,3.6699999999999875,16.060000000000002,Out,0.22466044647237318,12.872095406391727,Center
"Suzuki, Seiya",2023-05-08,field_out,X,hit_into_play,R,673548,663855,R,ST,3,2,103.05,144.85,64.7,18,151,0.482,0.433,"Suzuki, Seiya",673548,-21.950000000000003,55.150000000000006,R,-21.950000000000003,55.150000000000006,Out,-0.37878574686919575,-21.702824635315654,Pull
"Suzuki, Seiya",2023-05-08,single,X,hit_into_play,R,673548,650893,L,FC,0,2,106.55,171.74,75.3,-32,3,0.05,0.055,"Suzuki, Seiya",673548,-18.450000000000003,28.25999999999999,R,-18.450000000000003,28.25999999999999,Single,-0.5783875152478652,-33.13916354676123,Pull
"Suzuki, Seiya",2023-05-06,field_out,X,hit_into_play,R,673548,663773,R,SL,3,2,154.01,132.1,76.8,54,184,0.055,0.057,"Suzuki, Seiya",673548,29.00999999999999,67.9,R,29.00999999999999,67.9,Out,0.4037714481625984,23.134399867602188,Opposite
"Suzuki, Seiya",2023-05-06,field_out,X,hit_into_play,R,673548,663773,R,CH,0,1,103.45,84.72,94.2,42,289,0.018,0.033,"Suzuki, Seiya",673548,-21.549999999999997,115.28,R,-21.549999999999997,115.28,Out,-0.1848031992992385,-10.58844336036138,Center
"Suzuki, Seiya",2023-05-05,field_out,X,hit_into_play,R,673548,665795,R,SI,1,0,153.26,179.68,39.8,44,89,0.114,0.103,"Suzuki, Seiya",673548,28.25999999999999,20.319999999999993,R,28.25999999999999,20.319999999999993,Out,0.947407448280341,54.282448265722365,Opposite
"Suzuki, Seiya",2023-05-05,single,X,hit_into_play,R,673548,665795,R,CU,2,2,59.72,112.94,93.8,10,172,0.711,0.662,"Suzuki, Seiya",673548,-65.28,87.06,R,-65.28,87.06,Single,-0.6433908308934226,-36.86357918760838,Pull
"Suzuki, Seiya",2023-05-05,field_out,X,hit_into_play,R,673548,656945,L,SL,0,1,172.61,91.88,86.3,25,290,0.132,0.148,"Suzuki, Seiya",673548,47.610000000000014,108.12,R,47.610000000000014,108.12,Out,0.41479509384658775,23.766008240142384,Opposite
"Suzuki, Seiya",2023-05-04,field_out,X,hit_into_play,R,673548,571578,L,SI,1,2,156.25,166.33,75.9,-43,2,0.114,0.106,"Suzuki, Seiya",673548,31.25,33.66999999999999,R,31.25,33.66999999999999,Out,0.7481387667377749,42.86519382419688,Opposite
"Suzuki, Seiya",2023-05-04,field_out,X,hit_into_play,R,673548,571578,L,CH,1,1,92.02,162.24,77.5,63,128,0.013,0.013,"Suzuki, Seiya",673548,-32.980000000000004,37.75999999999999,R,-32.980000000000004,37.75999999999999,Out,-0.717929335625286,-41.13432091996007,Pull
"Suzuki, Seiya",2023-05-04,double,X,hit_into_play,R,673548,640448,R,SL,1,0,33.99,98.28,92.7,28,335,0.118,0.183,"Suzuki, Seiya",673548,-91.00999999999999,101.72,R,-91.00999999999999,101.72,Double,-0.7298852897163114,-41.81934662942799,Pull
"Suzuki, Seiya",2023-05-03,field_out,X,hit_into_play,R,673548,663623,R,FF,0,1,108.51,132.31,93,12,176,0.868,0.814,"Suzuki, Seiya",673548,-16.489999999999995,67.69,R,-16.489999999999995,67.69,Out,-0.23895610757047908,-13.691176452662551,Center
"Suzuki, Seiya",2023-05-03,single,X,hit_into_play,R,673548,663623,R,SI,3,1,94.34,147.11,96.5,-2,30,0.361,0.347,"Suzuki, Seiya",673548,-30.659999999999997,52.889999999999986,R,-30.659999999999997,52.889999999999986,Single,-0.5253545681676399,-30.10059950392367,Pull
"Suzuki, Seiya",2023-05-03,single,X,hit_into_play,R,673548,640448,R,FF,2,2,192.61,91.22,103.7,13,270,0.871,0.87,"Suzuki, Seiya",673548,67.61000000000001,108.78,R,67.61000000000001,108.78,Single,0.5560999205696451,31.862178436200974,Opposite
"Suzuki, Seiya",2023-05-02,field_out,X,hit_into_play,R,673548,592866,R,SL,1,1,106.1,151.93,99.5,1,54,0.445,0.406,"Suzuki, Seiya",673548,-18.900000000000006,48.06999999999999,R,-18.900000000000006,48.06999999999999,Out,-0.3746103462078747,-21.463591799645823,Pull
"Suzuki, Seiya",2023-05-02,single,X,hit_into_play,R,673548,592866,R,SI,2,1,87.24,74.96,98.8,15,282,0.729,0.738,"Suzuki, Seiya",673548,-37.760000000000005,125.04,R,-37.760000000000005,125.04,Single,-0.2932754009441498,-16.80344270910682,Pull
"Suzuki, Seiya",2023-05-02,field_out,X,hit_into_play,R,673548,640451,R,FF,0,1,169.41,135.43,92.9,59,194,0.024,0.029,"Suzuki, Seiya",673548,44.41,64.57,R,44.41,64.57,Out,0.6024779312289021,34.51944270918916,Opposite
"Suzuki, Seiya",2023-05-01,single,X,hit_into_play,R,673548,669022,L,FF,1,2,160.49,70.75,95,16,296,0.729,0.716,"Suzuki, Seiya",673548,35.49000000000001,129.25,R,35.49000000000001,129.25,Single,0.2679795473997766,15.354097061833192,Opposite
"Suzuki, Seiya",2023-05-01,field_out,X,hit_into_play,R,673548,676265,R,FF,3,1,99.47,73.45,88.4,34,318,0.024,0.029,"Suzuki, Seiya",673548,-25.53,126.55,R,-25.53,126.55,Out,-0.19906657974438421,-11.405674861457657,Center
"Suzuki, Seiya",2023-05-01,field_out,X,hit_into_play,R,673548,666168,R,SI,2,0,160.53,161.83,54.7,51,131,0.042,0.038,"Suzuki, Seiya",673548,35.53,38.16999999999999,R,35.53,38.16999999999999,Out,0.7495925771239783,42.948491023538615,Opposite
"Suzuki, Seiya",2023-04-30,field_out,X,hit_into_play,R,673548,663773,R,SI,2,1,110.94,149.33,102.4,-9,14,0.304,0.275,"Suzuki, Seiya",673548,-14.060000000000002,50.66999999999999,R,-14.060000000000002,50.66999999999999,Out,-0.2706720020208983,-15.508363348153964,Pull
"Suzuki, Seiya",2023-04-30,triple,X,hit_into_play,R,673548,663773,R,SI,3,2,153.75,51.21,107.4,15,333,0.639,0.711,"Suzuki, Seiya",673548,28.75,148.79,R,28.75,148.79,Triple,0.19087306919664973,10.936221287676547,Center
"Suzuki, Seiya",2023-04-30,field_out,X,hit_into_play,R,673548,663773,R,FF,3,1,180.47,87.2,89.8,38,308,0.011,0.01,"Suzuki, Seiya",673548,55.47,112.8,R,55.47,112.8,Out,0.45703013702037143,26.185897961553007,Opposite
"Suzuki, Seiya",2023-04-30,field_out,X,hit_into_play,R,673548,598264,R,KC,1,1,181.2,101.38,84.2,25,279,0.179,0.176,"Suzuki, Seiya",673548,56.19999999999999,98.62,R,56.19999999999999,98.62,Out,0.5179659674945382,29.677263868847426,Opposite
"Suzuki, Seiya",2023-04-29,grounded_into_double_play,X,hit_into_play,R,673548,665795,R,CH,1,2,140.6,150.39,97.7,-2,28,0.384,0.346,"Suzuki, Seiya",673548,15.599999999999994,49.610000000000014,R,15.599999999999994,49.610000000000014,Out,0.3046628787983107,17.455897129448935,Opposite
"Suzuki, Seiya",2023-04-29,single,X,hit_into_play,R,673548,656945,L,SL,0,1,116.24,89.86,107.9,8,192,0.734,0.69,"Suzuki, Seiya",673548,-8.760000000000005,110.14,R,-8.760000000000005,110.14,Single,-0.07936806197694833,-4.547454979411884,Center
"Suzuki, Seiya",2023-04-28,grounded_into_double_play,X,hit_into_play,R,673548,666200,L,CH,0,2,106.08,168.7,84.3,4,58,0.338,0.307,"Suzuki, Seiya",673548,-18.92,31.30000000000001,R,-18.92,31.30000000000001,Out,-0.5437018668000841,-31.151822281028874,Pull
"Suzuki, Seiya",2023-04-28,field_out,X,hit_into_play,R,673548,666200,L,SL,1,2,135.32,121.08,87.1,57,199,0.003,0.002,"Suzuki, Seiya",673548,10.319999999999993,78.92,R,10.319999999999993,78.92,Out,0.13002754310291126,7.450029440252211,Center
"Suzuki, Seiya",2023-04-28,grounded_into_double_play,X,hit_into_play,R,673548,571670,R,SI,0,1,112.18,155.98,77.8,-16,7,0.06,0.057,"Suzuki, Seiya",673548,-12.819999999999993,44.02000000000001,R,-12.819999999999993,44.02000000000001,Out,-0.2833927901113789,-16.23721081781878,Pull
"Suzuki, Seiya",2023-04-27,field_out,X,hit_into_play,R,673548,607625,R,SI,2,1,163.56,133.16,91.6,59,192,0.018,0.021,"Suzuki, Seiya",673548,38.56,66.84,R,38.56,66.84,Out,0.5232610527643815,29.980649906971337,Opposite
"Suzuki, Seiya",2023-04-27,field_out,X,hit_into_play,R,673548,607625,R,SI,1,0,146.19,149.37,109.7,8,178,0.758,0.723,"Suzuki, Seiya",673548,21.189999999999998,50.629999999999995,R,21.189999999999998,50.629999999999995,Out,0.3963748382955175,22.71060533951363,Opposite
"Suzuki, Seiya",2023-04-27,field_out,X,hit_into_play,R,673548,607625,R,CU,0,2,97.48,167.67,88.3,0,45,0.267,0.241,"Suzuki, Seiya",673548,-27.519999999999996,32.33000000000001,R,-27.519999999999996,32.33000000000001,Out,-0.7052029403303636,-40.40515218114586,Pull
"Suzuki, Seiya",2023-04-27,double,X,hit_into_play,R,673548,472610,R,SI,2,2,168.08,70.13,110,16,336,0.488,0.693,"Suzuki, Seiya",673548,43.08000000000001,129.87,R,43.08000000000001,129.87,Double,0.3202945476601583,18.351525781978868,Opposite
"Suzuki, Seiya",2023-04-26,single,X,hit_into_play,R,673548,608379,R,CH,1,1,116.07,94.91,78.6,34,261,0.055,0.059,"Suzuki, Seiya",673548,-8.930000000000007,105.09,R,-8.930000000000007,105.09,Single,-0.08477113887102246,-4.857028481826985,Center
"Suzuki, Seiya",2023-04-26,force_out,X,hit_into_play,R,673548,607259,R,SI,2,2,129.95,144.79,102.8,-3,29,0.485,0.442,"Suzuki, Seiya",673548,4.949999999999989,55.21000000000001,R,4.949999999999989,55.21000000000001,Out,0.08941858512375776,5.123307537622608,Center
"Suzuki, Seiya",2023-04-26,field_out,X,hit_into_play,R,673548,607259,R,SI,3,2,154.81,166.15,96.5,-6,16,0.267,0.248,"Suzuki, Seiya",673548,29.810000000000002,33.849999999999994,R,29.810000000000002,33.849999999999994,Out,0.7220210122123815,41.36875671953313,Opposite
"Suzuki, Seiya",2023-04-25,field_out,X,hit_into_play,R,673548,605483,L,CH,1,1,165.02,106.09,76.5,31,252,0.263,0.243,"Suzuki, Seiya",673548,40.02000000000001,93.91,R,40.02000000000001,93.91,Out,0.4028465889257093,23.081409336684754,Opposite
"Suzuki, Seiya",2023-04-25,field_out,X,hit_into_play,R,673548,605483,L,CU,1,2,88.36,128.34,101.7,8,132,0.697,0.646,"Suzuki, Seiya",673548,-36.64,71.66,R,-36.64,71.66,Out,-0.47264936629509957,-27.080813878242108,Pull
"Suzuki, Seiya",2023-04-25,field_out,X,hit_into_play,R,673548,605483,L,SL,1,1,190.12,129.45,86.7,56,210,0.005,0.005,"Suzuki, Seiya",673548,65.12,70.55000000000001,R,65.12,70.55000000000001,Out,0.7453959273306271,42.708040702285146,Opposite
"Suzuki, Seiya",2023-04-25,field_out,X,hit_into_play,R,673548,621051,R,ST,2,1,106.05,156.66,85.9,-8,13,0.148,0.134,"Suzuki, Seiya",673548,-18.950000000000003,43.34,R,-18.950000000000003,43.34,Out,-0.4121925476667607,-23.6168933280504,Pull
"Suzuki, Seiya",2023-04-23,field_out,X,hit_into_play,R,673548,477132,L,SL,1,1,98.88,161.6,106.3,-6,22,0.408,0.368,"Suzuki, Seiya",673548,-26.120000000000005,38.400000000000006,R,-26.120000000000005,38.400000000000006,Out,-0.5973191041758713,-34.223863691812575,Pull
"Suzuki, Seiya",2023-04-23,field_out,X,hit_into_play,R,673548,477132,L,SL,1,2,101.34,157,78.8,-7,18,0.108,0.104,"Suzuki, Seiya",673548,-23.659999999999997,43,R,-23.659999999999997,43,Out,-0.5030217409100748,-28.821022757470466,Pull
"Suzuki, Seiya",2023-04-23,single,X,hit_into_play,R,673548,477132,L,CU,0,1,107.68,107.05,102.9,9,153,0.784,0.747,"Suzuki, Seiya",673548,-17.319999999999993,92.95,R,-17.319999999999993,92.95,Single,-0.18422396076035394,-10.55525543675197,Center
"Suzuki, Seiya",2023-04-23,field_out,X,hit_into_play,R,673548,660813,R,SI,1,0,143.95,149.88,88.6,7,115,0.492,0.46,"Suzuki, Seiya",673548,18.94999999999999,50.120000000000005,R,18.94999999999999,50.120000000000005,Out,0.3614792108610042,20.71123316405509,Opposite
"Suzuki, Seiya",2023-04-22,field_out,X,hit_into_play,R,673548,669160,R,SL,0,2,112.38,61.54,93.9,35,342,0.082,0.142,"Suzuki, Seiya",673548,-12.620000000000005,138.46,R,-12.620000000000005,138.46,Out,-0.09089431103475057,-5.207860404040594,Center
"Suzuki, Seiya",2023-04-22,force_out,X,hit_into_play,R,673548,669160,R,SI,2,1,148.22,163.1,99.5,-3,27,0.382,0.344,"Suzuki, Seiya",673548,23.22,36.900000000000006,R,23.22,36.900000000000006,Out,0.5616627630907504,32.180905834756224,Opposite
"Suzuki, Seiya",2023-04-21,field_out,X,hit_into_play,R,673548,656578,R,CH,1,1,65.27,91.44,94.5,18,305,0.442,0.449,"Suzuki, Seiya",673548,-59.730000000000004,108.56,R,-59.730000000000004,108.56,Out,-0.5029987852610834,-28.819707495667277,Pull
"Suzuki, Seiya",2023-04-21,double,X,hit_into_play,R,673548,628711,L,FF,3,2,102.91,60.56,107.3,16,348,0.634,0.748,"Suzuki, Seiya",673548,-22.090000000000003,139.44,R,-22.090000000000003,139.44,Double,-0.15711372869915294,-9.001953558024901,Center
"Suzuki, Seiya",2023-04-21,single,X,hit_into_play,R,673548,596082,R,SL,2,2,155.32,88.36,95.7,-2,42,0.361,0.347,"Suzuki, Seiya",673548,30.319999999999993,111.64,R,30.319999999999993,111.64,Single,0.2651906393903054,15.194304403440263,Opposite
"Suzuki, Seiya",2023-04-20,single,X,hit_into_play,R,673548,675627,R,SL,0,1,119.3,103.62,109.5,-1,44,0.503,0.452,"Suzuki, Seiya",673548,-5.700000000000003,96.38,R,-5.700000000000003,96.38,Single,-0.059072093627715434,-3.3845816518697385,Center
"Suzuki, Seiya",2023-04-20,field_out,X,hit_into_play,R,673548,641360,R,FF,3,1,103.06,167.67,106.1,-1,37,0.482,0.457,"Suzuki, Seiya",673548,-21.939999999999998,32.33000000000001,R,-21.939999999999998,32.33000000000001,Out,-0.5962369599193513,-34.16186139308966,Pull
"Suzuki, Seiya",2023-04-20,field_out,X,hit_into_play,R,673548,675627,R,SL,2,1,103.57,166.15,95.9,-12,9,0.196,0.188,"Suzuki, Seiya",673548,-21.430000000000007,33.849999999999994,R,-21.430000000000007,33.849999999999994,Out,-0.5643936677461178,-32.337375145761406,Pull
"Suzuki, Seiya",2023-04-18,single,X,hit_into_play,R,673548,686610,L,FF,3,2,71.96,105.48,92.6,11,188,0.784,0.715,"Suzuki, Seiya",673548,-53.040000000000006,94.52,R,-53.040000000000006,94.52,Single,-0.5113641701710316,-29.29900874500974,Pull
"Suzuki, Seiya",2023-04-18,single,X,hit_into_play,R,673548,686610,L,FF,2,2,144.18,149.05,79.5,-44,3,0.105,0.1,"Suzuki, Seiya",673548,19.180000000000007,50.94999999999999,R,19.180000000000007,50.94999999999999,Single,0.3600391049000985,20.628721170443562,Opposite
"Suzuki, Seiya",2023-04-17,single,X,hit_into_play,R,673548,666205,L,SL,3,2,85.27,103.59,102.8,7,136,0.695,0.652,"Suzuki, Seiya",673548,-39.730000000000004,96.41,R,-39.730000000000004,96.41,Single,-0.39088872207611564,-22.396274034223637,Pull
"Suzuki, Seiya",2023-04-17,single,X,hit_into_play,R,673548,661309,R,FF,3,2,184.77,113.26,99.3,13,240,0.937,0.901,"Suzuki, Seiya",673548,59.77000000000001,86.74,R,59.77000000000001,86.74,Single,0.6033531988294096,34.56959184864277,Opposite
"Suzuki, Seiya",2023-04-17,single,X,hit_into_play,R,673548,666205,L,FF,1,0,74.1,118.34,95.6,4,79,0.529,0.497,"Suzuki, Seiya",673548,-50.900000000000006,81.66,R,-50.900000000000006,81.66,Single,-0.5573875685969805,-31.93595523366564,Pull
"Suzuki, Seiya",2023-04-16,field_out,X,hit_into_play,R,673548,628711,L,SV,1,0,96.56,103.83,88.7,48,249,0.005,0.006,"Suzuki, Seiya",673548,-28.439999999999998,96.17,R,-28.439999999999998,96.17,Out,-0.2875313881915474,-16.47433502091338,Pull
"Suzuki, Seiya",2023-04-15,single,X,hit_into_play,R,673548,681911,L,FF,2,1,138.46,82.45,83.7,16,235,0.982,0.924,"Suzuki, Seiya",673548,13.460000000000008,117.55,R,13.460000000000008,117.55,Single,0.1140079333799489,6.532173413679731,Center
"Suzuki, Seiya",2023-04-14,field_out,X,hit_into_play,R,673548,656578,R,CH,1,2,168,175,51,34,123,0.171,0.154,"Suzuki, Seiya",673548,43,25,R,43,25,Out,1.044169055361146,59.82647997035568,Opposite
"Suzuki, Seiya",2023-04-14,field_out,X,hit_into_play,R,673548,592789,R,FC,0,1,111.89,60.37,96.3,36,345,0.199,0.388,"Suzuki, Seiya",673548,-13.11,139.63,R,-13.11,139.63,Out,-0.09361654852266518,-5.363833122930397,Center
"Suzuki, Seiya",2023-04-14,force_out,X,hit_into_play,R,673548,592789,R,FC,0,0,112.43,152.33,76.6,-12,10,0.068,0.061,"Suzuki, Seiya",673548,-12.569999999999993,47.66999999999999,R,-12.569999999999993,47.66999999999999,Out,-0.25781928576617574,-14.771956951479169,Center
"Suzuki, Seiya",2023-04-14,home_run,X,hit_into_play,R,673548,656578,R,FF,1,0,52.2,51.75,106.8,34,406,0.829,1.6580869565217395,"Suzuki, Seiya",673548,-72.8,148.25,R,-72.8,148.25,Home Run,-0.45647199427700613,-26.15391873799232,Pull
