player_name,game_date,events,stand,batter,pitcher,hc_x,hc_y,launch_speed,launch_angle,hit_distance_sc,estimated_ba_using_speedangle,estimated_woba_using_speedangle
"Bichette, Bo",2023-10-01,field_out,R,666182,682052,124.06,81.64,86.2,40,293,0.005,0.006
"Bichette, Bo",2023-10-01,triple,R,666182,671737,213.08,103.78,97.1,24,306,0.281,0.466
"Bichette, Bo",2023-10-01,field_out,R,666182,682052,156.3,172.07,100.4,-20,6,0.138,0.124
"Bichette, Bo",2023-09-30,field_out,R,666182,681867,141.15,184.8,58.3,-47,2,0.198,0.191
"Bichette, Bo",2023-09-30,double,R,666182,606965,67.43,74.06,106,21,338,0.694,1.18254
"Bichette, Bo",2023-09-30,field_out,R,666182,542888,176.75,93.56,90.3,24,291,0.116,0.14
"Bichette, Bo",2023-09-29,single,R,666182,541640,104.93,173.83,82.3,-49,2,0.133,0.131
"Bichette, Bo",2023-09-29,field_out,R,666182,650644,144.01,166.77,58.2,66,100,0.003,0.002
"Bichette, Bo",2023-09-29,single,R,666182,641793,192.08,111.61,103.8,7,174,0.668,0.613
"Bichette, Bo",2023-09-29,double,R,666182,671737,64.16,149.78,83.2,-19,7,0.064,0.058
"Bichette, Bo",2023-09-29,single,R,666182,541640,174.35,120.03,100.5,6,155,0.632,0.588
"Bichette, Bo",2023-09-28,single,R,666182,596133,188.57,112.95,110.1,1,75,0.55,0.495
"Bichette, Bo",2023-09-28,grounded_into_double_play,R,666182,502083,104.88,166.31,87.7,-15,5,0.096,0.088
"Bichette, Bo",2023-09-28,single,R,666182,669711,213.85,112.2,101.1,14,260,0.789,0.789
"Bichette, Bo",2023-09-27,field_out,R,666182,543037,118.38,158.31,95.6,1,61,0.397,0.359
"Bichette, Bo",2023-09-27,field_out,R,666182,543037,109.74,172.56,75.1,-4,17,0.08,0.072
"Bichette, Bo",2023-09-27,field_out,R,666182,543037,166.79,49.49,103.1,29,383,0.69,1.3596212121212112
"Bichette, Bo",2023-09-26,field_out,R,666182,650633,85.14,158.87,76.4,-33,3,0.041,0.049
"Bichette, Bo",2023-09-26,single,R,666182,666745,80.9,101.61,91,8,162,0.563,0.52
"Bichette, Bo",2023-09-24,single,R,666182,671737,124.65,85.69,97.6,-5,15,0.277,0.249
"Bichette, Bo",2023-09-24,field_out,R,666182,671737,188.24,150.94,76.7,54,197,0.055,0.057
"Bichette, Bo",2023-09-24,field_out,R,666182,671737,107.1,155.28,105.6,-3,32,0.434,0.411
"Bichette, Bo",2023-09-24,field_out,R,666182,671737,170.42,181.59,52.1,54,120,0.021,0.019
"Bichette, Bo",2023-09-24,home_run,R,666182,541640,55.05,43.91,106.9,33,420,0.883,1.7697727272727275
"Bichette, Bo",2023-09-23,single,R,666182,641793,172.51,124.56,71.8,10,121,0.271,0.247
"Bichette, Bo",2023-09-23,field_out,R,666182,641793,112.78,140.32,62.6,14,114,0.274,0.246
"Bichette, Bo",2023-09-23,single,R,666182,542888,170.03,121.39,99.4,5,138,0.579,0.535
"Bichette, Bo",2023-09-22,single,R,666182,607192,175.48,111.1,101.4,5,123,0.571,0.518
"Bichette, Bo",2023-09-22,field_out,R,666182,687330,147.09,95.64,76,35,264,0.15,0.161
"Bichette, Bo",2023-09-22,field_out,R,666182,607192,110.13,174.64,87.3,-10,14,0.146,0.135
"Bichette, Bo",2023-09-22,field_out,R,666182,541640,106.49,173.43,98.9,8,135,0.653,0.59
"Bichette, Bo",2023-09-21,force_out,R,666182,605280,109.03,175.71,85.2,-34,2,0.041,0.042
"Bichette, Bo",2023-09-21,field_out,R,666182,543037,179.35,164.79,76.9,63,159,0.018,0.018
"Bichette, Bo",2023-09-20,single,R,666182,650633,124.18,162.98,100.9,-2,32,0.408,0.376
"Bichette, Bo",2023-09-20,single,R,666182,641656,107.62,81.95,80.4,21,269,0.818,0.772
"Bichette, Bo",2023-09-20,field_out,R,666182,592454,121.15,173.89,82,-23,6,0.068,0.061
"Bichette, Bo",2023-09-19,home_run,R,666182,657376,186.58,53.29,106,23,390,0.803,1.5207096774193547
"Bichette, Bo",2023-09-19,single,R,666182,657376,71.13,87.73,111.5,9,248,0.858,0.86
"Bichette, Bo",2023-09-19,field_out,R,666182,502083,169.49,164.85,57.9,53,141,0.032,0.028
"Bichette, Bo",2023-09-19,field_out,R,666182,669711,144.31,132.03,84.4,12,179,0.634,0.571
"Bichette, Bo",2023-09-17,field_out,R,666182,601713,109.66,146.75,88.3,-12,8,0.154,0.139
"Bichette, Bo",2023-09-17,field_out,R,666182,687798,116.93,48,101.3,34,374,0.415,0.8027272727272727
"Bichette, Bo",2023-09-17,field_out,R,666182,601713,74.55,61.77,99.1,22,362,0.322,0.501
"Bichette, Bo",2023-09-16,field_out,R,666182,519242,99.94,167.83,102,0,53,0.479,0.449
"Bichette, Bo",2023-09-16,sac_fly,R,666182,592848,177.94,96.7,86.5,38,285,NA,0.009
"Bichette, Bo",2023-09-16,single,R,666182,455119,127.38,80.31,104.7,9,183,0.75,0.707
"Bichette, Bo",2023-09-16,field_out,R,666182,687798,149.03,164.2,95.6,7,161,0.645,0.625
"Bichette, Bo",2023-09-15,field_out,R,666182,669684,101.39,175.03,65.5,-43,3,0.159,0.146
"Bichette, Bo",2023-09-14,double,R,666182,674003,91.4,47.37,107.7,17,338,0.513,0.7739999999999999
"Bichette, Bo",2023-09-14,single,R,666182,543135,78.85,86.96,99.3,11,213,0.874,0.824
"Bichette, Bo",2023-09-13,field_out,R,666182,656756,134.48,152.81,52.6,4,53,0.133,0.121
"Bichette, Bo",2023-09-13,field_out,R,666182,656756,181.93,62.86,99.5,26,364,0.428,0.7702173913043479
"Bichette, Bo",2023-09-13,field_out,R,666182,453178,151.9,164.42,109.2,-13,7,0.288,0.273
"Bichette, Bo",2023-09-12,grounded_into_double_play,R,666182,453286,138.23,148.72,92.2,-19,8,0.141,0.127
"Bichette, Bo",2023-09-12,field_out,R,666182,608717,97.42,144.77,67.8,11,112,0.266,0.239
"Bichette, Bo",2023-09-12,field_out,R,666182,453286,185.55,84.09,98.7,19,320,0.339,0.386
"Bichette, Bo",2023-09-12,field_out,R,666182,600917,197.45,97.12,95.1,43,308,0.018,0.033
"Bichette, Bo",2023-09-11,field_out,R,666182,641540,115.33,162.89,101.1,-18,6,0.175,0.158
"Bichette, Bo",2023-09-11,field_out,R,666182,641540,141.19,56.56,102,36,355,0.46,0.8868461538461541
"Bichette, Bo",2023-09-11,field_out,R,666182,608717,124.77,183.62,55.8,40,166,0.203,0.182
"Bichette, Bo",2023-09-11,field_out,R,666182,641540,120.72,148.41,82.1,-30,2,0.043,0.044
"Bichette, Bo",2023-09-10,force_out,R,666182,666142,109.13,158.43,85.7,-18,10,0.068,0.064
"Bichette, Bo",2023-09-08,double,R,666182,679525,192.03,129.3,97.2,-1,48,0.359,0.323
"Bichette, Bo",2023-09-08,field_out,R,666182,656353,150.89,171.04,67.8,-30,2,0.045,0.048
"Bichette, Bo",2023-09-08,field_out,R,666182,679525,175.53,64.08,99.5,33,355,0.365,0.7088095238095238
"Bichette, Bo",2023-09-08,single,R,666182,672578,91.45,129.81,107.7,3,86,0.618,0.592
"Bichette, Bo",2023-09-08,field_out,R,666182,676092,145.81,167.47,85.3,-38,4,0.043,0.042
"Bichette, Bo",2023-08-27,field_out,R,666182,592789,139.45,146.91,96.2,-8,15,0.241,0.222
"Bichette, Bo",2023-08-27,field_out,R,666182,592789,103.06,156,86.4,6,88,0.418,0.394
"Bichette, Bo",2023-08-27,field_out,R,666182,592789,131.47,62.2,98.2,37,339,0.214,0.409625
"Bichette, Bo",2023-08-26,field_out,R,666182,671106,148.68,135.74,87.7,10,173,0.611,0.553
"Bichette, Bo",2023-08-26,field_out,R,666182,669212,113.57,121.4,87,58,200,0.008,0.007
"Bichette, Bo",2023-08-26,single,R,666182,671106,105.78,73.36,107.2,13,264,0.839,0.875
"Bichette, Bo",2023-08-26,double,R,666182,663752,42.45,96.31,102.9,13,243,0.903,0.918
"Bichette, Bo",2023-08-25,field_out,R,666182,676440,144.67,176.62,86.9,74,79,0.003,0.003
"Bichette, Bo",2023-08-25,field_out,R,666182,676440,92.49,94.37,77.5,34,273,0.129,0.133
"Bichette, Bo",2023-08-24,field_out,R,666182,502043,96.87,166.33,99.9,-1,42,0.406,0.365
"Bichette, Bo",2023-08-24,field_out,R,666182,502043,110.57,153.64,101.5,-2,35,0.476,0.435
"Bichette, Bo",2023-08-24,single,R,666182,502043,114.8,190.71,63.8,-52,2,0.277,0.251
"Bichette, Bo",2023-08-24,field_out,R,666182,502043,184.36,129.02,76.8,45,227,0.084,0.081
"Bichette, Bo",2023-08-23,field_out,R,666182,665152,92.11,145.08,93.5,7,107,0.511,0.459
"Bichette, Bo",2023-08-23,single,R,666182,665152,136.46,115.06,76.7,-5,21,0.08,0.072
"Bichette, Bo",2023-08-22,field_out,R,666182,680570,182.11,126.6,88,53,228,0.011,0.009
"Bichette, Bo",2023-08-22,field_out,R,666182,680570,144.38,167,55.5,-55,1,0.275,0.249
"Bichette, Bo",2023-08-22,field_out,R,666182,657097,169.76,94.1,83.3,35,282,0.021,0.023
"Bichette, Bo",2023-08-22,field_out,R,666182,642585,107.51,167.89,76.6,-3,17,0.096,0.086
"Bichette, Bo",2023-08-22,single,R,666182,680570,115.39,170.05,53.8,-56,2,0.275,0.248
"Bichette, Bo",2023-08-20,home_run,R,666182,668881,217.03,90.29,99.8,27,350,0.505,0.9356111111111112
"Bichette, Bo",2023-08-20,field_error,R,666182,571882,123.31,193.97,94.7,-2,25,0.345,0.312
"Bichette, Bo",2023-08-20,triple,R,666182,668881,144.88,39.66,100.6,29,395,0.572,1.0987333333333331
"Bichette, Bo",2023-08-19,single,R,666182,682227,119.94,98.81,107.4,1,65,0.524,0.476
"Bichette, Bo",2023-08-19,field_out,R,666182,682227,172.06,174.57,81.9,67,133,0.001,0
"Bichette, Bo",2023-08-19,field_out,R,666182,682227,101.16,165.48,90.7,-15,8,0.112,0.115
"Bichette, Bo",2023-08-19,field_out,R,666182,518585,88.2,101.11,83.3,20,262,0.787,0.772
"Bichette, Bo",2023-07-31,single,R,666182,502043,182.38,143.04,101.4,2,85,0.511,0.47
"Bichette, Bo",2023-07-31,single,R,666182,502043,113.91,184.26,67.3,-69,1,0.204,0.212
"Bichette, Bo",2023-07-30,field_out,R,666182,542881,199.93,112.68,86.2,37,286,0.011,0.015
"Bichette, Bo",2023-07-30,field_out,R,666182,608032,126.18,182.2,59,-54,1,0.272,0.261
"Bichette, Bo",2023-07-30,field_out,R,666182,519043,137.94,107.34,86,50,232,0.008,0.007
"Bichette, Bo",2023-07-30,single,R,666182,542881,98.73,87.84,99.9,5,133,0.582,0.557
"Bichette, Bo",2023-07-29,single,R,666182,672282,163.35,84.83,87.4,16,227,0.968,0.912
"Bichette, Bo",2023-07-29,field_out,R,666182,571901,130.35,195.42,NA,NA,NA,NA,NA
"Bichette, Bo",2023-07-29,field_out,R,666182,642545,164.92,181.47,70.1,64,130,0.003,0.002
"Bichette, Bo",2023-07-29,field_out,R,666182,672282,107.3,132.61,88.5,-23,5,0.068,0.073
"Bichette, Bo",2023-07-29,double,R,666182,625643,53.56,124.78,79.2,16,178,0.895,0.837
"Bichette, Bo",2023-07-28,double,R,666182,608337,68.48,63.72,111.8,15,363,0.496,0.6726666666666666
"Bichette, Bo",2023-07-28,grounded_into_double_play,R,666182,608337,118.38,161.37,103.9,-10,14,0.309,0.278
"Bichette, Bo",2023-07-28,single,R,666182,667755,164.76,110.72,70.8,16,165,0.584,0.526
"Bichette, Bo",2023-07-28,field_out,R,666182,608337,148.42,172.19,41.5,-8,15,0.191,0.179
"Bichette, Bo",2023-07-26,single,R,666182,664062,122.74,87,94.1,5,106,0.511,0.489
"Bichette, Bo",2023-07-26,single,R,666182,664062,88.77,96.41,82.5,16,214,0.974,0.919
"Bichette, Bo",2023-07-26,single,R,666182,668338,86.73,107.51,108.6,7,210,0.692,0.643
"Bichette, Bo",2023-07-26,field_out,R,666182,664062,131.62,133.8,102.3,-2,42,0.476,0.435
"Bichette, Bo",2023-07-25,double,R,666182,628711,53.78,68.42,97.8,22,368,0.332,0.408
"Bichette, Bo",2023-07-25,home_run,R,666182,628711,67.96,43.12,105.7,24,411,0.834,1.6079264705882348
"Bichette, Bo",2023-07-25,single,R,666182,660813,182.99,119.65,92.3,14,244,0.955,0.903
"Bichette, Bo",2023-07-25,single,R,666182,628711,77.49,98.63,86.3,19,239,0.732,0.698
"Bichette, Bo",2023-07-25,field_out,R,666182,677865,75.06,79.48,91.2,24,322,0.124,0.149
"Bichette, Bo",2023-07-24,field_out,R,666182,623465,188.91,114.82,85.3,43,261,0.013,0.016
"Bichette, Bo",2023-07-23,field_out,R,666182,693433,84.19,84.99,82.6,26,302,0.142,0.128
"Bichette, Bo",2023-07-23,field_out,R,666182,693433,136.81,182,65.6,-35,4,0.061,0.066
"Bichette, Bo",2023-07-22,field_out,R,666182,669302,125.5,196.14,45.8,-69,1,0.225,0.23
"Bichette, Bo",2023-07-22,field_out,R,666182,669302,145.93,154.12,95.7,-12,11,0.18,0.173
"Bichette, Bo",2023-07-22,force_out,R,666182,666374,115.01,149.55,77,-10,10,0.08,0.072
"Bichette, Bo",2023-07-22,field_out,R,666182,669302,180.92,120.51,77.1,40,240,0.105,0.117
"Bichette, Bo",2023-07-21,force_out,R,666182,682243,117.54,157.66,73.2,-17,5,0.059,0.053
"Bichette, Bo",2023-07-21,field_out,R,666182,682243,192.53,116.11,85.7,21,264,0.437,0.41
"Bichette, Bo",2023-07-20,force_out,R,666182,689690,115.09,153.29,68.7,10,98,0.241,0.223
"Bichette, Bo",2023-07-20,grounded_into_double_play,R,666182,605483,99.64,158.19,67,-26,4,0.035,0.05
"Bichette, Bo",2023-07-19,single,R,666182,506433,71.91,104.65,74.3,24,234,0.916,0.853
"Bichette, Bo",2023-07-19,field_out,R,666182,506433,204.78,109.05,91.8,31,295,0.095,0.139
"Bichette, Bo",2023-07-19,single,R,666182,607259,145.63,85.02,91.9,9,152,0.637,0.592
"Bichette, Bo",2023-07-18,single,R,666182,605397,91.82,137.84,96.4,-11,9,0.206,0.186
"Bichette, Bo",2023-07-18,field_out,R,666182,605397,173.99,81.71,95.9,40,314,0.071,0.121
"Bichette, Bo",2023-07-18,single,R,666182,605397,114.04,69.49,97.6,12,241,0.95,0.913
"Bichette, Bo",2023-07-18,field_out,R,666182,689690,103.06,162.07,102.3,-10,10,0.241,0.24
"Bichette, Bo",2023-07-16,single,R,666182,674072,181.98,74.89,102.4,13,292,0.905,0.896
"Bichette, Bo",2023-07-16,field_out,R,666182,674072,187.84,81.26,97.5,23,330,0.319,0.5185
"Bichette, Bo",2023-07-16,field_out,R,666182,543518,150.34,142.01,61.1,-36,3,0.066,0.072
"Bichette, Bo",2023-07-15,field_out,R,666182,668678,134.4,136.25,75.2,12,163,0.387,0.348
"Bichette, Bo",2023-07-15,grounded_into_double_play,R,666182,668678,131.72,181.17,40.2,-38,2,0.262,0.238
"Bichette, Bo",2023-07-15,home_run,R,666182,543518,47.08,65.16,100.8,25,383,0.571,1.0440256410256414
"Bichette, Bo",2023-07-14,field_out,R,666182,669194,98.31,160.5,101.8,-2,40,0.476,0.435
"Bichette, Bo",2023-07-14,single,R,666182,669194,82.62,78.92,104.7,9,230,0.75,0.707
"Bichette, Bo",2023-07-14,single,R,666182,679885,176.9,110.87,110.2,-13,10,0.288,0.262
"Bichette, Bo",2023-07-14,field_out,R,666182,613534,171.24,86.98,99.5,17,301,0.476,0.507
"Bichette, Bo",2023-07-09,grounded_into_double_play,R,666182,669373,104.66,159.06,96.2,-9,17,0.231,0.208
"Bichette, Bo",2023-07-09,field_out,R,666182,681857,166.09,152.24,77.3,62,156,0.013,0.012
"Bichette, Bo",2023-07-08,field_out,R,666182,666159,63.5,127.21,87.4,52,236,0.013,0.013
"Bichette, Bo",2023-07-08,field_out,R,666182,666159,130.76,46.26,105.2,21,378,0.655,1.127428571428572
"Bichette, Bo",2023-07-07,field_out,R,666182,656412,207.47,113.21,97.5,20,293,0.332,0.412
"Bichette, Bo",2023-07-07,field_out,R,666182,669438,152.2,46.24,100,29,382,0.546,1.0543333333333331
"Bichette, Bo",2023-07-07,single,R,666182,670097,130.15,66.74,96.3,16,283,0.663,0.66
"Bichette, Bo",2023-07-07,double,R,666182,669438,41.07,111.88,90.1,16,245,0.947,0.911
"Bichette, Bo",2023-07-07,single,R,666182,542585,124.36,151.71,89.4,-23,4,0.068,0.073
"Bichette, Bo",2023-07-06,single,R,666182,669947,144.91,98.16,80.8,15,196,0.866,0.8
"Bichette, Bo",2023-07-06,single,R,666182,669947,123.68,182.64,36.2,-47,3,0.301,0.271
"Bichette, Bo",2023-07-06,single,R,666182,669424,110.87,109.49,68.8,35,229,0.711,0.711
"Bichette, Bo",2023-07-06,single,R,666182,607481,162.75,134.02,92.1,-21,4,0.12,0.111
"Bichette, Bo",2023-07-06,field_out,R,666182,608665,171.57,94.48,95.7,16,285,0.663,0.66
"Bichette, Bo",2023-07-06,single,R,666182,656820,211.04,109.78,96.7,14,260,0.874,0.861
"Bichette, Bo",2023-07-04,single,R,666182,608337,101.48,174.3,50.6,-62,1,0.247,0.247
"Bichette, Bo",2023-07-04,field_out,R,666182,608337,146.69,146.83,108.4,-1,54,0.474,0.429
"Bichette, Bo",2023-07-04,field_out,R,666182,625643,154.3,168.69,82.1,-33,5,0.047,0.045
"Bichette, Bo",2023-07-04,field_out,R,666182,608665,137.56,90.91,92.7,40,313,0.024,0.038
"Bichette, Bo",2023-07-04,field_out,R,666182,608337,186.23,127.79,86.3,51,232,0.011,0.009
"Bichette, Bo",2023-07-02,single,R,666182,672391,198.88,122.65,107.7,-1,49,0.474,0.429
"Bichette, Bo",2023-07-02,field_out,R,666182,455119,153.39,157.21,95.6,-20,8,0.128,0.115
"Bichette, Bo",2023-07-01,grounded_into_double_play,R,666182,676710,118.22,152.36,104.5,-12,13,0.282,0.254
"Bichette, Bo",2023-07-01,home_run,R,666182,676710,59.15,55.07,104.2,30,392,0.798,1.593877551020408
"Bichette, Bo",2023-07-01,double,R,666182,445276,206.44,82.67,97.7,31,349,0.326,0.6188333333333333
"Bichette, Bo",2023-06-30,field_out,R,666182,572020,58.72,92.97,107.9,15,310,0.663,0.741
"Bichette, Bo",2023-06-29,field_out,R,666182,676775,161.65,153.02,96.8,1,68,0.421,0.392
"Bichette, Bo",2023-06-29,field_out,R,666182,676775,154.9,113.44,74.9,42,227,0.182,0.191
"Bichette, Bo",2023-06-29,field_out,R,666182,663941,194.48,88.28,106.4,16,323,0.587,0.679
"Bichette, Bo",2023-06-29,field_out,R,666182,676775,65.29,90.11,109.2,15,309,0.658,0.743
"Bichette, Bo",2023-06-28,field_out,R,666182,657277,162.53,168.26,47.3,-41,2,0.177,0.169
"Bichette, Bo",2023-06-28,field_out,R,666182,657277,113.27,155.11,91.5,-25,6,0.073,0.077
"Bichette, Bo",2023-06-28,force_out,R,666182,548389,146.6,169.65,81.8,1,51,0.225,0.202
"Bichette, Bo",2023-06-28,single,R,666182,657277,122.05,87.26,87.2,11,181,0.676,0.618
"Bichette, Bo",2023-06-27,single,R,666182,622072,183.74,108.06,96.9,10,190,0.755,0.716
"Bichette, Bo",2023-06-27,double,R,666182,622072,54.88,122.18,97.2,-1,38,0.359,0.323
"Bichette, Bo",2023-06-27,single,R,666182,676254,166.42,95.61,74,23,241,0.953,0.876
"Bichette, Bo",2023-06-25,field_out,R,666182,665622,129.63,178.74,69.4,13,114,0.334,0.301
"Bichette, Bo",2023-06-25,single,R,666182,686610,90.85,106.62,106.1,7,141,0.666,0.614
"Bichette, Bo",2023-06-25,field_out,R,666182,665622,151.45,159.35,NA,-50,2,NA,NA
"Bichette, Bo",2023-06-25,single,R,666182,686610,113.28,178.15,56.1,-49,2,0.231,0.227
"Bichette, Bo",2023-06-24,field_out,R,666182,663687,56.11,90.41,89,28,319,0.068,0.082
"Bichette, Bo",2023-06-24,double,R,666182,663687,189.78,136.6,58.8,28,164,0.482,0.433
"Bichette, Bo",2023-06-24,double,R,666182,660261,54.55,116.58,95.4,3,73,0.471,0.449
"Bichette, Bo",2023-06-24,field_out,R,666182,669674,112.16,163.89,88.4,-30,3,0.061,0.055
"Bichette, Bo",2023-06-23,double,R,666182,621076,37.97,94.15,95.4,25,336,0.197,0.268
"Bichette, Bo",2023-06-23,force_out,R,666182,621076,133.78,149.63,67.3,8,90,0.201,0.193
"Bichette, Bo",2023-06-23,field_out,R,666182,621076,148.47,162.59,94.3,5,114,0.511,0.489
"Bichette, Bo",2023-06-20,single,R,666182,691587,153.8,86.39,94.9,16,289,0.729,0.716
"Bichette, Bo",2023-06-20,field_out,R,666182,691587,101.14,158.64,63,-23,4,0.038,0.046
"Bichette, Bo",2023-06-20,field_out,R,666182,608638,127.91,186.5,78.7,-17,7,0.059,0.062
"Bichette, Bo",2023-06-19,single,R,666182,663773,169.08,110.37,88.5,8,134,0.537,0.487
"Bichette, Bo",2023-06-19,single,R,666182,605151,171.78,131.72,92.9,12,206,0.868,0.814
"Bichette, Bo",2023-06-18,double,R,666182,592351,186.34,61.45,109.4,16,371,0.457,0.64525
"Bichette, Bo",2023-06-18,field_out,R,666182,681982,130.1,182.38,94.5,5,108,0.482,0.433
"Bichette, Bo",2023-06-18,grounded_into_double_play,R,666182,667463,120.13,148.35,102.7,3,77,0.589,0.568
"Bichette, Bo",2023-06-18,field_out,R,666182,669618,118.61,144.29,85,8,114,0.455,0.424
"Bichette, Bo",2023-06-17,field_out,R,666182,641540,93.2,163.93,85.1,-18,3,0.068,0.069
"Bichette, Bo",2023-06-17,force_out,R,666182,641540,102.53,153.95,94.3,-16,8,0.117,0.106
"Bichette, Bo",2023-06-17,field_out,R,666182,622250,104.56,153.95,94.3,-24,4,0.104,0.094
"Bichette, Bo",2023-06-17,double,R,666182,641540,186.07,56.62,102.5,30,381,0.575,1.1250399999999996
"Bichette, Bo",2023-06-16,double,R,666182,527048,187.65,63.89,101.1,17,332,0.484,0.559
"Bichette, Bo",2023-06-16,field_out,R,666182,527048,86.62,157.23,108.7,8,146,0.766,0.735
"Bichette, Bo",2023-06-16,field_out,R,666182,527048,198.98,121.4,87.5,20,269,0.518,0.502
"Bichette, Bo",2023-06-16,field_out,R,666182,600917,113.79,183.64,100.4,1,56,0.445,0.406
"Bichette, Bo",2023-06-15,field_out,R,666182,669330,182.87,150.59,79.9,59,187,0.021,0.021
"Bichette, Bo",2023-06-15,double,R,666182,669330,163.84,77.22,101.2,16,317,0.597,0.636
"Bichette, Bo",2023-06-15,field_out,R,666182,666974,89.79,78.24,84.2,31,312,0.047,0.064
"Bichette, Bo",2023-06-14,field_out,R,666182,680694,97.37,156.85,71.2,13,132,0.355,0.32
"Bichette, Bo",2023-06-14,single,R,666182,680694,181.13,113.03,105.7,6,181,0.668,0.631
"Bichette, Bo",2023-06-14,field_out,R,666182,680694,131.97,170.02,78.2,-3,29,0.112,0.11
"Bichette, Bo",2023-06-14,double,R,666182,657508,100.05,45.98,105.8,21,383,0.694,1.18254
"Bichette, Bo",2023-06-13,field_out,R,666182,665152,202.32,104.35,104.1,16,301,0.547,0.602
"Bichette, Bo",2023-06-13,single,R,666182,665152,81.65,120.41,84,10,155,0.479,0.431
"Bichette, Bo",2023-06-13,field_out,R,666182,641329,83.46,84.8,91.9,44,302,0.005,0.005
"Bichette, Bo",2023-06-13,field_out,R,666182,665152,146.6,148.44,83.6,8,131,0.418,0.377
"Bichette, Bo",2023-06-11,field_out,R,666182,686973,188.75,98.7,87,33,293,0.021,0.026
"Bichette, Bo",2023-06-11,force_out,R,666182,686973,141.15,156.92,81,-39,2,0.055,0.056
"Bichette, Bo",2023-06-11,field_out,R,666182,641941,129.63,182.38,73.6,-14,7,0.053,0.048
"Bichette, Bo",2023-06-11,field_out,R,666182,643377,96.57,154.32,76.1,-29,5,0.04,0.043
"Bichette, Bo",2023-06-10,field_out,R,666182,657746,176.22,90.55,93.8,17,297,0.608,0.598
"Bichette, Bo",2023-06-10,force_out,R,666182,605347,117.36,160.35,102.5,-16,9,0.209,0.188
"Bichette, Bo",2023-06-10,single,R,666182,657746,173.74,127.77,108.6,-2,44,0.45,0.405
"Bichette, Bo",2023-06-09,single,R,666182,543243,174.76,134.39,109.5,-15,9,0.22,0.217
"Bichette, Bo",2023-06-09,field_out,R,666182,543243,100.42,80.75,93.2,43,301,0.008,0.008
"Bichette, Bo",2023-06-08,force_out,R,666182,664285,152.18,165.1,95.9,-14,12,0.206,0.185
"Bichette, Bo",2023-06-08,field_out,R,666182,664285,152.64,50.11,102,36,373,0.46,0.8868461538461541
"Bichette, Bo",2023-06-08,field_out,R,666182,664208,107.82,177.27,54.8,-61,1,0.252,0.243
"Bichette, Bo",2023-06-07,home_run,R,666182,669854,96.91,30.87,106.5,30,426,0.907,1.8095454545454543
"Bichette, Bo",2023-06-07,field_out,R,666182,593576,150.84,167.23,96.9,-15,10,0.206,0.192
"Bichette, Bo",2023-06-06,field_out,R,666182,686613,150.36,168.13,88.9,-31,4,0.071,0.066
"Bichette, Bo",2023-06-06,field_out,R,666182,686613,143.09,143.87,107.9,3,100,0.618,0.592
"Bichette, Bo",2023-06-06,home_run,R,666182,606160,179.73,51.32,103.7,27,389,0.78,1.5334000000000003
"Bichette, Bo",2023-06-05,single,R,666182,656232,178.12,142.38,63,13,115,0.234,0.211
"Bichette, Bo",2023-06-05,field_out,R,666182,656232,151,62.55,105,19,344,0.475,0.7334594594594595
"Bichette, Bo",2023-06-05,single,R,666182,656232,167.96,77.58,100,11,223,0.913,0.893
"Bichette, Bo",2023-06-04,field_out,R,666182,673540,110.15,148.35,79,0,37,0.159,0.149
"Bichette, Bo",2023-06-04,field_out,R,666182,608678,152.8,132.38,91,56,183,0.024,0.033
"Bichette, Bo",2023-06-03,single,R,666182,656731,93.01,121.09,64.9,22,187,0.668,0.602
"Bichette, Bo",2023-06-03,field_out,R,666182,656731,104.23,157.01,77,-19,8,0.076,0.075
"Bichette, Bo",2023-06-03,single,R,666182,656731,192.37,123.64,88.9,19,250,0.579,0.554
"Bichette, Bo",2023-06-02,single,R,666182,434378,122.97,178.13,106.2,3,97,0.584,0.551
"Bichette, Bo",2023-06-02,single,R,666182,434378,117.1,183.51,95.9,1,53,0.397,0.359
"Bichette, Bo",2023-06-02,field_out,R,666182,434378,186.77,97.28,87.9,24,294,0.118,0.114
"Bichette, Bo",2023-06-02,field_out,R,666182,622098,140.71,144.24,89.8,-14,13,0.114,0.114
"Bichette, Bo",2023-06-01,grounded_into_double_play,R,666182,642547,111.26,178.16,80.9,-11,9,0.073,0.078
"Bichette, Bo",2023-06-01,field_out,R,666182,642547,113.43,122.81,71.7,48,196,0.153,0.15
"Bichette, Bo",2023-06-01,home_run,R,666182,642547,137.62,31.91,108.2,22,414,0.885,1.6648043478260868
"Bichette, Bo",2023-05-31,field_out,R,666182,527054,169.67,79.01,89.8,25,318,0.082,0.088
"Bichette, Bo",2023-05-31,field_out,R,666182,527054,142.97,149.05,108.9,-18,7,0.193,0.185
"Bichette, Bo",2023-05-31,single,R,666182,527054,104.41,74.78,90.3,11,212,0.708,0.637
"Bichette, Bo",2023-05-31,field_out,R,666182,657265,112.67,152.08,83,-11,11,0.091,0.082
"Bichette, Bo",2023-05-30,field_out,R,666182,605288,146.12,152.36,85.9,-1,30,0.233,0.21
"Bichette, Bo",2023-05-30,force_out,R,666182,605288,113.98,163.89,93.2,-38,2,0.047,0.053
"Bichette, Bo",2023-05-30,field_out,R,666182,605288,110.84,146.06,97.1,-28,3,0.104,0.096
"Bichette, Bo",2023-05-30,grounded_into_double_play,R,666182,664776,137.02,151.76,95.4,-32,4,0.066,0.07
"Bichette, Bo",2023-05-30,field_out,R,666182,669060,198.27,92.33,102.2,17,326,0.439,0.485
"Bichette, Bo",2023-05-28,field_out,R,666182,641927,42.13,93.58,87.8,33,331,0.029,0.035
"Bichette, Bo",2023-05-28,single,R,666182,592254,107.56,67.87,86.2,17,262,0.934,0.871
"Bichette, Bo",2023-05-28,single,R,666182,641927,193.22,134.1,99.5,-16,12,0.191,0.172
"Bichette, Bo",2023-05-28,field_out,R,666182,643377,157.51,147.97,102.4,-13,13,0.247,0.235
"Bichette, Bo",2023-05-27,triple,R,666182,641154,189.62,63.65,101.9,25,369,0.6,1.1045555555555555
"Bichette, Bo",2023-05-27,home_run,R,666182,641154,47.52,63.62,101.1,37,386,0.355,0.69305
"Bichette, Bo",2023-05-27,single,R,666182,592779,142.4,99.92,67.2,20,196,0.708,0.637
"Bichette, Bo",2023-05-27,field_out,R,666182,661395,142.72,153.32,113.4,-21,5,0.177,0.173
"Bichette, Bo",2023-05-26,single,R,666182,686973,163.6,79.25,84.9,14,217,0.913,0.862
"Bichette, Bo",2023-05-26,home_run,R,666182,686973,136.25,27.84,108.1,23,424,0.913,1.761522727272727
"Bichette, Bo",2023-05-26,field_out,R,666182,686973,139.31,53.51,99,33,361,0.365,0.7088095238095238
"Bichette, Bo",2023-05-25,force_out,R,666182,621107,114.7,144.9,89.5,-12,8,0.146,0.135
"Bichette, Bo",2023-05-25,single,R,666182,621107,85.36,154.71,94.2,-6,17,0.249,0.224
"Bichette, Bo",2023-05-25,field_out,R,666182,621107,192.18,92.96,99.5,18,310,0.405,0.466
"Bichette, Bo",2023-05-25,field_out,R,666182,621107,153.89,150.77,91.9,-1,29,0.296,0.266
"Bichette, Bo",2023-05-24,field_out,R,666182,663556,125.25,181.9,73.2,-13,10,0.055,0.05
"Bichette, Bo",2023-05-24,double,R,666182,663556,172.49,72.17,106.6,13,272,0.839,0.875
"Bichette, Bo",2023-05-24,single,R,666182,592094,183.29,80.56,99.6,15,269,0.718,0.728
"Bichette, Bo",2023-05-24,field_out,R,666182,663556,109.52,153.46,93.5,0,40,0.34,0.308
"Bichette, Bo",2023-05-23,single,R,666182,671737,159.31,147.64,93.9,-3,40,0.296,0.266
"Bichette, Bo",2023-05-23,field_out,R,666182,671737,83.46,97.37,82.7,19,275,0.892,0.861
"Bichette, Bo",2023-05-23,field_error,R,666182,641420,100.15,168.01,106.9,0,49,0.521,0.486
"Bichette, Bo",2023-05-23,single,R,666182,671737,191.91,123.9,102.4,13,263,0.905,0.896
"Bichette, Bo",2023-05-23,single,R,666182,670042,177.88,125.03,93.7,12,226,0.882,0.826
"Bichette, Bo",2023-05-22,grounded_into_double_play,R,666182,676596,110.73,154.07,106.4,-2,38,0.432,0.394
"Bichette, Bo",2023-05-22,grounded_into_double_play,R,666182,676596,111.94,153.46,103.4,-13,6,0.225,0.212
"Bichette, Bo",2023-05-22,field_out,R,666182,664126,131.44,178.78,36.6,-55,1,0.293,0.264
"Bichette, Bo",2023-05-22,single,R,666182,676596,125.86,144.38,108.5,-23,5,0.164,0.153
"Bichette, Bo",2023-05-22,field_out,R,666182,665001,142.65,170.24,64,-62,1,0.228,0.224
"Bichette, Bo",2023-05-21,field_out,R,666182,665152,173.14,131.44,90.1,55,207,0.016,0.02
"Bichette, Bo",2023-05-21,single,R,666182,608723,146.72,88.69,106.4,-8,12,0.364,0.345
"Bichette, Bo",2023-05-21,single,R,666182,571710,117.12,86.16,75.8,24,252,0.813,0.781
"Bichette, Bo",2023-05-21,single,R,666182,665152,140.05,168.13,74.2,-12,9,0.049,0.055
"Bichette, Bo",2023-05-20,field_out,R,666182,680570,113.88,153.29,68.9,0,26,0.091,0.082
"Bichette, Bo",2023-05-20,single,R,666182,680570,157.51,145.41,86.3,-6,19,0.167,0.155
"Bichette, Bo",2023-05-19,field_out,R,666182,502043,123.46,157.3,100,-16,8,0.191,0.172
"Bichette, Bo",2023-05-19,field_out,R,666182,502043,32.85,103.13,97.5,40,328,0.095,0.174
"Bichette, Bo",2023-05-19,field_out,R,666182,666974,141.23,159.84,88.9,-13,12,0.141,0.128
"Bichette, Bo",2023-05-19,field_out,R,666182,502043,188.07,94.25,92.2,23,302,0.163,0.203
"Bichette, Bo",2023-05-18,single,R,666182,641482,124.29,172.38,76.8,-10,9,0.08,0.072
"Bichette, Bo",2023-05-18,single,R,666182,641482,121.77,85.61,75.3,23,251,0.926,0.86
"Bichette, Bo",2023-05-18,home_run,R,666182,641482,53.41,54.37,105,25,399,0.792,1.537017857142858
"Bichette, Bo",2023-05-17,single,R,666182,543037,182.58,116.08,105.1,6,158,0.642,0.59
"Bichette, Bo",2023-05-17,field_out,R,666182,650633,92.11,165.25,64.3,-25,3,0.036,0.046
"Bichette, Bo",2023-05-17,field_error,R,666182,543037,145.39,170.26,65.7,-39,2,0.088,0.094
"Bichette, Bo",2023-05-17,field_out,R,666182,605280,178.53,152.37,82.3,59,176,0.032,0.037
"Bichette, Bo",2023-05-16,field_out,R,666182,543901,144.03,55.36,94.7,28,358,0.215,0.3965999999999999
"Bichette, Bo",2023-05-16,double,R,666182,676760,58.94,109.45,87.1,27,308,0.092,0.119
"Bichette, Bo",2023-05-16,field_out,R,666182,593334,97.25,148.59,100.6,-25,4,0.117,0.105
"Bichette, Bo",2023-05-16,field_error,R,666182,593974,110.76,159.84,96.8,-6,19,0.247,0.229
"Bichette, Bo",2023-05-15,field_out,R,666182,666745,140.6,138.53,90.7,-21,6,0.114,0.109
"Bichette, Bo",2023-05-15,single,R,666182,666745,192.79,117.18,88.9,17,225,0.866,0.817
"Bichette, Bo",2023-05-15,single,R,666182,641656,191.6,136.6,68,30,199,0.932,0.891
"Bichette, Bo",2023-05-15,field_out,R,666182,622772,115.57,125.41,107.7,-23,4,0.164,0.148
"Bichette, Bo",2023-05-14,field_error,R,666182,543859,175.01,140.99,82.6,57,184,0.034,0.041
"Bichette, Bo",2023-05-14,field_out,R,666182,623433,103.88,140.28,108.1,3,98,0.618,0.592
"Bichette, Bo",2023-05-13,single,R,666182,693821,187.54,134.9,64.8,22,153,0.668,0.602
"Bichette, Bo",2023-05-13,field_out,R,666182,693821,100.64,164.49,105.8,5,101,0.666,0.637
"Bichette, Bo",2023-05-13,single,R,666182,621345,90.93,111.73,108.7,5,109,0.637,0.577
"Bichette, Bo",2023-05-13,field_out,R,666182,693821,106.59,53.73,102.1,35,362,0.48,0.9462173913043478
"Bichette, Bo",2023-05-12,field_out,R,666182,675911,160.86,81.32,89.6,20,305,0.366,0.36
"Bichette, Bo",2023-05-12,field_out,R,666182,664849,147.84,164.42,75.3,-28,2,0.032,0.051
"Bichette, Bo",2023-05-10,single,R,666182,554430,181.05,114.78,104.3,3,91,0.568,0.522
"Bichette, Bo",2023-05-10,field_out,R,666182,554430,110.69,149.9,95,1,53,0.411,0.382
"Bichette, Bo",2023-05-10,field_out,R,666182,642397,197.45,134.46,81.6,49,238,0.026,0.027
"Bichette, Bo",2023-05-10,field_out,R,666182,554430,155.12,164.66,101.1,3,99,0.566,0.548
"Bichette, Bo",2023-05-09,home_run,R,666182,605400,177.09,50.75,103.1,25,388,0.671,1.263652173913044
"Bichette, Bo",2023-05-09,double,R,666182,605400,136.08,39.98,107.2,19,394,0.571,0.9094838709677416
"Bichette, Bo",2023-05-09,field_error,R,666182,622554,155.19,166.69,102.9,-23,6,0.122,0.118
"Bichette, Bo",2023-05-09,field_out,R,666182,605400,160.81,164.66,94.5,0,44,0.347,0.329
"Bichette, Bo",2023-05-07,field_out,R,666182,672710,107.11,41.02,98.2,29,393,0.408,0.7605000000000002
"Bichette, Bo",2023-05-07,field_out,R,666182,672710,107.63,52.78,97.7,25,364,0.358,0.62585
"Bichette, Bo",2023-05-07,single,R,666182,608328,126.6,79.35,108.8,0,43,0.537,0.498
"Bichette, Bo",2023-05-07,single,R,666182,672710,187.28,109.9,101.4,9,213,0.716,0.661
"Bichette, Bo",2023-05-06,field_out,R,666182,670912,155.8,59.32,105.8,16,354,0.587,0.679
"Bichette, Bo",2023-05-06,field_out,R,666182,675989,162.72,64.04,97.3,33,346,0.3,0.569
"Bichette, Bo",2023-05-06,double,R,666182,670912,181.25,66.56,99.9,19,320,0.395,0.475
"Bichette, Bo",2023-05-06,field_out,R,666182,675989,143.66,89.22,85.3,42,278,0.008,0.009
"Bichette, Bo",2023-05-05,field_out,R,666182,448179,144.12,128.52,98.8,9,187,0.668,0.61
"Bichette, Bo",2023-05-05,field_out,R,666182,448179,152.72,166.4,96.2,-22,5,0.12,0.118
"Bichette, Bo",2023-05-05,double,R,666182,448179,98.2,36.34,98.6,26,375,0.428,0.7702173913043479
"Bichette, Bo",2023-05-04,single,R,666182,678394,169.21,105.66,101.3,-7,16,0.282,0.254
"Bichette, Bo",2023-05-04,field_out,R,666182,678394,112.03,147.16,74.8,-19,5,0.059,0.053
"Bichette, Bo",2023-05-04,field_out,R,666182,518489,204.11,101.17,92.3,32,309,0.108,0.185
"Bichette, Bo",2023-05-04,double,R,666182,678394,32.51,103.02,105.5,17,285,0.553,0.651
"Bichette, Bo",2023-05-03,field_out,R,666182,601713,141.93,41.13,107.8,22,392,0.885,1.6648043478260868
"Bichette, Bo",2023-05-03,force_out,R,666182,601713,110.65,165.14,79,-36,3,0.043,0.054
"Bichette, Bo",2023-05-03,field_out,R,666182,676710,148.22,148.35,109.3,-9,11,0.369,0.334
"Bichette, Bo",2023-05-01,single,R,666182,446372,98.38,126.22,97.4,5,102,0.579,0.522
"Bichette, Bo",2023-05-01,home_run,R,666182,446372,51.63,56.58,105,23,396,0.731,1.3556197183098586
"Bichette, Bo",2023-05-01,single,R,666182,670174,163.72,115.83,71.8,15,166,0.563,0.507
"Bichette, Bo",2023-05-01,single,R,666182,446372,48.81,99.47,102.8,19,311,0.342,0.5083333333333333
"Bichette, Bo",2023-05-01,single,R,666182,455119,187.29,102.03,106.9,10,219,0.853,0.85
"Bichette, Bo",2023-04-30,home_run,R,666182,594835,98.23,14.47,113,24,460,1,2
"Bichette, Bo",2023-04-30,single,R,666182,623167,129.63,99.96,87.5,12,175,0.792,0.724
"Bichette, Bo",2023-04-30,force_out,R,666182,594835,116.3,153.29,72.5,-16,5,0.051,0.047
"Bichette, Bo",2023-04-30,field_out,R,666182,623437,134.42,183.35,58.3,-63,1,0.231,0.223
"Bichette, Bo",2023-04-30,field_out,R,666182,682171,162.36,167.83,98.8,-25,4,0.093,0.095
"Bichette, Bo",2023-04-29,field_out,R,666182,668834,154.61,161.46,95.3,-21,8,0.125,0.12
"Bichette, Bo",2023-04-29,field_out,R,666182,668834,141.96,185.05,33.5,-29,3,0.272,0.245
"Bichette, Bo",2023-04-28,field_out,R,666182,622491,185.86,70.48,109.8,17,351,0.597,0.9284285714285714
"Bichette, Bo",2023-04-28,field_out,R,666182,622491,145.81,169.51,74.5,-17,5,0.073,0.067
"Bichette, Bo",2023-04-28,field_out,R,666182,641627,147.33,171.04,104.9,-10,15,0.298,0.289
"Bichette, Bo",2023-04-28,field_out,R,666182,622491,139.79,104.16,80.9,45,241,0.021,0.019
"Bichette, Bo",2023-04-26,single,R,666182,656629,167.21,104.2,95.4,8,181,0.611,0.561
"Bichette, Bo",2023-04-26,home_run,R,666182,669424,22.31,102.94,95.3,28,347,0.215,0.3965999999999999
"Bichette, Bo",2023-04-26,single,R,666182,666619,201.14,123.59,100.5,14,258,0.789,0.789
"Bichette, Bo",2023-04-25,field_out,R,666182,605182,176.79,117.09,86,30,290,0.034,0.035
"Bichette, Bo",2023-04-25,single,R,666182,605182,98.57,116.07,105.8,-9,11,0.334,0.324
"Bichette, Bo",2023-04-25,grounded_into_double_play,R,666182,621383,109.23,173.58,94.2,-7,11,0.231,0.208
"Bichette, Bo",2023-04-24,field_out,R,666182,458681,131.12,182.05,53.9,-46,1,0.188,0.175
"Bichette, Bo",2023-04-24,single,R,666182,458681,150.36,173.59,NA,-66,1,NA,NA
"Bichette, Bo",2023-04-24,field_out,R,666182,666619,123.07,143.87,87.8,-6,18,0.177,0.159
"Bichette, Bo",2023-04-24,field_out,R,666182,458681,151.86,104.29,88.8,52,246,0.008,0.008
"Bichette, Bo",2023-04-23,force_out,R,666182,657376,130.36,153.03,102.7,-6,23,0.357,0.322
"Bichette, Bo",2023-04-23,field_out,R,666182,641656,141.21,85.27,92.8,18,287,0.555,0.557
"Bichette, Bo",2023-04-22,field_out,R,666182,543037,111.45,148.44,89.8,-2,15,0.272,0.252
"Bichette, Bo",2023-04-22,field_out,R,666182,543037,156.9,159.95,90.8,-13,10,0.151,0.143
"Bichette, Bo",2023-04-22,double,R,666182,605280,36.62,97.5,103.3,6,123,0.663,0.633
"Bichette, Bo",2023-04-22,field_out,R,666182,543037,201.81,114.39,89.8,36,281,0.024,0.033
"Bichette, Bo",2023-04-21,field_out,R,666182,593334,132.92,106.7,75.7,44,233,0.142,0.153
"Bichette, Bo",2023-04-21,field_out,R,666182,593334,95.66,159.17,86.1,9,129,0.513,0.478
"Bichette, Bo",2023-04-21,single,R,666182,656061,201.07,127.63,82.1,12,167,0.576,0.519
"Bichette, Bo",2023-04-21,field_out,R,666182,593334,89.16,121.24,79.7,46,216,0.026,0.03
"Bichette, Bo",2023-04-19,field_out,R,666182,677651,146.85,162.74,104.7,-9,15,0.357,0.324
"Bichette, Bo",2023-04-19,field_out,R,666182,677651,156.84,89.79,79.5,30,283,0.111,0.118
"Bichette, Bo",2023-04-18,single,R,666182,664353,175.56,121.65,108.8,-3,40,0.442,0.408
"Bichette, Bo",2023-04-18,field_out,R,666182,593576,131.25,141.43,107.6,-18,5,0.183,0.184
"Bichette, Bo",2023-04-17,single,R,666182,664299,160.64,114.71,102.5,1,67,0.474,0.426
"Bichette, Bo",2023-04-16,field_out,R,666182,663556,215.8,113.33,95.9,29,306,0.27,0.50125
"Bichette, Bo",2023-04-16,field_out,R,666182,663556,146.12,149.94,73.8,1,38,0.117,0.105
"Bichette, Bo",2023-04-16,single,R,666182,663556,188.57,119.62,94.9,7,149,0.579,0.545
"Bichette, Bo",2023-04-16,single,R,666182,664076,132.84,94.12,81.4,12,148,0.55,0.495
"Bichette, Bo",2023-04-15,force_out,R,666182,676596,102.97,169.04,81,-48,2,0.12,0.127
"Bichette, Bo",2023-04-15,field_out,R,666182,676534,150.24,153.89,85.6,1,41,0.239,0.238
"Bichette, Bo",2023-04-15,field_out,R,666182,665001,107.21,162.98,93.7,-20,5,0.136,0.122
"Bichette, Bo",2023-04-15,field_out,R,666182,676534,147.81,153.89,93.7,-6,20,0.249,0.224
"Bichette, Bo",2023-04-14,single,R,666182,656876,176.22,91.75,91.2,16,248,0.905,0.867
"Bichette, Bo",2023-04-14,double,R,666182,656876,212.8,119.9,93.1,18,252,0.555,0.557
"Bichette, Bo",2023-04-14,double,R,666182,630023,192.52,133,89.3,16,234,0.958,0.911
"Bichette, Bo",2023-04-14,single,R,666182,630023,126.47,85.41,97.9,2,59,0.442,0.398
"Bichette, Bo",2023-04-14,single,R,666182,656876,163.14,105.3,83.6,13,187,0.784,0.74
"Bichette, Bo",2023-04-13,single,R,666182,605513,129.97,177.49,109.6,1,65,0.55,0.495
"Bichette, Bo",2023-04-13,field_out,R,666182,605513,167.01,66.24,93.7,30,344,0.153,0.229
"Bichette, Bo",2023-04-13,field_out,R,666182,671345,182.33,97.47,92.2,19,289,0.45,0.462
"Bichette, Bo",2023-04-13,single,R,666182,605513,179.33,140.5,98.8,7,175,0.655,0.615
"Bichette, Bo",2023-04-12,field_out,R,666182,593958,167.66,90.85,99.1,15,289,0.729,0.738
"Bichette, Bo",2023-04-12,field_out,R,666182,593958,117.11,142.47,87.7,-32,2,0.059,0.053
"Bichette, Bo",2023-04-12,field_out,R,666182,656638,102.72,135.4,100.8,-20,6,0.128,0.139
"Bichette, Bo",2023-04-12,grounded_into_double_play,R,666182,593958,112.63,158.77,74.1,8,92,0.247,0.222
"Bichette, Bo",2023-04-11,field_out,R,666182,666159,175.14,109.56,92.6,50,255,0.003,0.003
"Bichette, Bo",2023-04-11,field_out,R,666182,666159,210.9,108.35,92.4,35,307,0.05,0.088
"Bichette, Bo",2023-04-11,home_run,R,666182,669438,196.53,67.24,103.4,30,369,0.717,1.4147586206896552
"Bichette, Bo",2023-04-11,field_out,R,666182,666159,195,88.02,101.2,20,324,0.338,0.506
"Bichette, Bo",2023-04-09,single,R,666182,672282,78.71,109.99,89,-6,12,0.188,0.169
"Bichette, Bo",2023-04-09,field_out,R,666182,672282,144.73,148.15,99.4,6,154,0.634,0.609
"Bichette, Bo",2023-04-09,field_out,R,666182,672282,160.3,156.45,106.2,1,84,0.532,0.49
"Bichette, Bo",2023-04-09,field_out,R,666182,642545,95.67,164.51,75.8,-10,10,0.066,0.059
"Bichette, Bo",2023-04-08,home_run,R,666182,542881,137.88,31.89,106.2,24,414,0.834,1.6079264705882348
"Bichette, Bo",2023-04-08,single,R,666182,542881,172.13,75.62,99.9,13,272,0.921,0.905
"Bichette, Bo",2023-04-08,single,R,666182,572193,185.34,115.79,88.7,9,165,0.555,0.5
"Bichette, Bo",2023-04-08,field_out,R,666182,608032,132.25,129.14,104,9,181,0.8,0.781
"Bichette, Bo",2023-04-07,field_out,R,666182,663776,93.51,171.17,NA,NA,NA,NA,NA
"Bichette, Bo",2023-04-07,field_out,R,666182,663776,104.41,164.51,106.2,-19,7,0.185,0.177
"Bichette, Bo",2023-04-07,double,R,666182,663776,180.29,61.71,100.8,21,364,0.372,0.58725
"Bichette, Bo",2023-04-07,home_run,R,666182,623474,77.49,38.25,107.4,31,415,0.898,1.792884615384615
"Bichette, Bo",2023-04-06,field_out,R,666182,543475,129.3,197.35,54.9,-86,0,0.154,0.176
"Bichette, Bo",2023-04-06,single,R,666182,543475,187.06,105.39,87.7,17,247,0.913,0.869
"Bichette, Bo",2023-04-06,single,R,666182,621016,146.59,100.56,72.1,23,224,0.984,0.899
"Bichette, Bo",2023-04-06,field_out,R,666182,543475,156.56,68.52,91.6,31,333,0.095,0.139
"Bichette, Bo",2023-04-05,field_out,R,666182,425844,120.42,40.87,107.1,18,391,0.522,0.8098888888888887
"Bichette, Bo",2023-04-05,field_out,R,666182,425844,167.98,102.04,84.6,18,264,0.903,0.852
"Bichette, Bo",2023-04-05,field_out,R,666182,664199,111.36,159.02,51.3,-37,4,0.091,0.108
"Bichette, Bo",2023-04-04,field_out,R,666182,663460,90.44,83.03,84.7,22,301,0.405,0.4
"Bichette, Bo",2023-04-04,single,R,666182,663460,132.68,99.91,88,14,250,0.968,0.918
"Bichette, Bo",2023-04-04,field_out,R,666182,672578,204.7,119.59,85.8,43,276,0.005,0.005
"Bichette, Bo",2023-04-04,field_out,R,666182,663460,123.94,37.88,100.3,30,397,0.532,1.0296060606060606
"Bichette, Bo",2023-04-03,single,R,666182,642232,188.81,107.1,91.2,15,239,0.961,0.907
"Bichette, Bo",2023-04-03,field_out,R,666182,663903,131.29,140.55,105,-25,5,0.151,0.138
"Bichette, Bo",2023-04-03,field_out,R,666182,642232,54.3,83.69,109,16,335,0.457,0.64525
"Bichette, Bo",2023-04-03,home_run,R,666182,664199,59.21,52.57,101.7,24,397,0.545,0.976860465116279
"Bichette, Bo",2023-04-02,field_out,R,666182,656756,141.8,125.19,105.5,4,128,0.576,0.528
"Bichette, Bo",2023-04-02,field_out,R,666182,656756,149.97,155.94,108.9,-7,15,0.376,0.356
"Bichette, Bo",2023-04-02,single,R,666182,608717,72.44,82.39,108.8,14,274,0.721,0.775
"Bichette, Bo",2023-04-02,field_out,R,666182,656756,85.13,75.55,90.1,37,322,0.026,0.044
"Bichette, Bo",2023-04-01,field_out,R,666182,656427,93.53,152.65,106.6,-3,27,0.413,0.372
"Bichette, Bo",2023-04-01,single,R,666182,664854,196.87,129.64,77.5,26,228,0.529,0.489
"Bichette, Bo",2023-04-01,field_out,R,666182,669467,151.42,170.56,78.1,-34,4,0.036,0.048
"Bichette, Bo",2023-04-01,field_out,R,666182,656427,86.52,149.82,90.6,-21,5,0.114,0.109
"Bichette, Bo",2023-03-30,double,R,666182,571945,215.1,99.6,105.2,9,216,0.75,0.707
"Bichette, Bo",2023-03-30,force_out,R,666182,664854,138.74,162.9,88.8,-25,5,0.068,0.067
"Bichette, Bo",2023-03-30,single,R,666182,571945,123.86,103.46,69.4,18,176,0.703,0.635
"Bichette, Bo",2023-03-30,single,R,666182,572403,72.11,114.56,86,10,143,0.534,0.481
"Bichette, Bo",2023-03-30,single,R,666182,663855,113.22,178.44,80.9,-58,1,0.277,0.249
